단어,뜻
회전문 관광객,"한국을 N차 방문하거나 유학 등을 위해 단기 거주하며, 실제 한국인처럼 ‘생활형 소비’를 이어가는 외국인 소비자 그룹"
예카,‘예쁜 카페’를 줄여 부르는 말.
진생,"‘진짜 인생’의 줄임말로, 온라인상의 간접 경험 대신 오프라인에서의 ‘직접 경험’을 추구하는 흐름. AI와 알고리즘이 떠먹여 주는 수동적인 경험 소비에 대한 피로가 커지면서, 현실 속에서 생생하게 느낄 수 있는 경험을 주도적으로 찾아 나서는 움직임이 확산되고 있음."
레디컨슈머,"2026년 캐릿이 소개한 취업 준비생의 특징으로, 미래를 준비하는 기간에도 현재의 소비와 경험에 적극적으로 투자하는 성향을 말함. 최근 시장의 흥행을 좌우하는 변수로 뜨고 있음."
럭키맥싱,2026년 캐릿이 소개한 행운을 최대한 끌어모으는 행동을 적극적으로 실천하는 트렌드. 운이 트이는 장소를 찾아가거나 사주에 맞는 개운 아이템을 소비하는 것이 대표적 사례.
백룸,"탈출할 수 없는 미지의 공간을 배경으로 한 인터넷 괴담. 2019년에 시작돼 2020년대 들어 Z세대 사이에서 크게 유행했으며, 마니아층이 탄탄한 소재로 통함."
콜라보 카페,"애니메이션, 웹툰 등의 IP와 협업해 해당 작품을 콘셉트로 공간을 꾸민 카페를 뜻함. 운영 기간동안 작품 설정이나 캐릭터의 개성을 반영한 스페셜 메뉴를 판매하는 것이 특징으로, Z세대 팬덤이 즐겨 찾는 공간으로 자리 잡음."
메지루시,"‘메지루시(めじるし)’는 자신의 물건을 구분하기 위해 달아 놓는 표식을 의미함. 일반 키링에 비해 사이즈가 작으며 고무링이 달린 것이 특징. 일본에서는 인기 캐릭터의 메지루시 신상이 발매되면 치열한 오픈런이 벌어질 정도로 대세 굿즈로 통하며, 국내에서도 메지루시를 우산·화장품 등에 달아 꾸미는 것이 유행 중."
왁뿌,‘왁스 부수기’의 줄임말. 왁스 혹은 다른 물질로 코팅된 물체의 겉면을 부수며 촉감과 사운드를 즐기는 유행을 뜻함.
왁뿌볼,왁스로 겉을 코팅한 점토 공. 이를 부수면서 촉감을 즐기며 노는 것이 최근 유행으로 자리 잡음.
듀프,"유명 브랜드 제품과 비슷한 품질이나 디자인을 갖췄지만, 더 저렴한 가격에 구매할 수 있는 대체 상품"
헤드라이너,페스티벌 피크 타임에 무대에 오르는 메인 아티스트를 뜻하는 단어. 더욱 확장된 의미로도 쓰이는데 특정 분야를 대표하거나 가장 주목받는 대상을 가리킬 때도 ‘헤드라이너’라는 표현을 사용함.
엄미새,"‘엄마에 미친 새X’의 줄임말로, 엄마를 너무 사랑한다는 뜻을 다소 격하게 표현한 신조어"
엄마 동결건조,"식품을 오래 보관하기 위해 동결건조를 하듯, 엄마와 오래 함께하고 싶다는 마음에서 나온 밈."
공동 컬렉션,"인스타그램에서 이용할 수 있는 공동 북마크 기능. 지정한 친구들끼리 공동 컬렉션에 콘텐츠를 모아 보는 공유 저장 폴더 같은 개념임. 1020은 공동 컬렉션을 만들어 여행 계획, 약속 계획을 세우는 데 참고하는 식으로 사용한다고 함."
셋로그,"1시간마다 짧은 영상을 찍어 공유하는 소셜 앱. 영상은 단체방마다 분할화면으로 표시되며, 채팅방을 통해 간단한 메시지도 주고받을 수 있음. 꾸미지 않은 하루 루틴을 실시간으로 확인할 수 있다는 점에서 큰 인기를 끌고 있음."
슬립맥싱,"‘수면(Sleep)’과 ‘극대화(Maximizing)’가 합쳐진 말로, 수면의 양과 질을 최대한으로 끌어올리기 위해 하는 모든 행위를 일컫는 말."
프렌드플레이션,친구를 뜻하는 ‘프렌드(Friend)’와 ‘인플레이션(Inflation)’의 합성어. 고물가로 외식 비용이 오르면서 사교 모임을 줄이게 되는 현상을 뜻함.
마인드 에이징,"젊은 세대가 이른 시기부터 심리적 노화를 경험하는 현상을 말함. 새로움이 줄어들고 매사에 시큰둥해지거나, 귀찮음 때문에 비슷한 일상을 반복하게 되는 상태를 의미함."
청춘통,청춘을 그리워하는 데서 비롯되는 통증을 뜻하는 신조어. 특히 Z세대가 청춘을 ‘제대로 가져본 적 없는 무언가’로 인식하며 그리워할 때 ‘청춘통’이라는 표현을 자주 사용함.
안티 플렉스,‘플렉스(FLEX)’하며 과시하는 소비 방식을 더 이상 힙하다고 여기지 않는 태도. 대신 다방면에서 ‘절약’을 실천하는 라이프스타일에 관심을 갖게 된 Z세대가 많아짐.
산책감도,"Z세대가 산책과 관련한 라이프스타일·장소·활동을 일상 속 이벤트처럼 여기고, 적극적으로 찾아 나서는 현상을 의미함. 미감이 뛰어난 브랜드를 ‘감도 높다’고 칭찬하는 것처럼, 산책에 있어서도 감도를 높이기를 원하는 것."
상황관,단편적인 상황에 담긴 감성과 분위기를 구체적으로 제시해 소비자의 공감을 불러 일으키는 마케팅 방식
숏셜링,"‘숏폼+소셜링’의 합성어로, 매번 같은 인원이 참여하는 동아리, 동호회와 달리 일회성으로 진행되는 모임을 뜻하는 말."
비리얼(BeReal),'안티 인스타그램'으로 떠오른 인기 SNS 앱. 하루에 한 번 무작위로 알림이 울리는데 이때 2분 안에 전면과 후면 카메라에 보이는 풍경을 찍어 업로드하는 것이 특징임. 필터나 포토샵으로 꾸며진 모습이 아닌 자연스러운 일상을 팔로워들과 공유할 수 있다는 것이 특징임.
스퀴시,"폴리우레탄 폼 등을 활용해 제작한 장난감으로, 말랑말랑하고 부드러운 촉감을 지님. 눌렀을 때 형태가 변했다가 천천히 복원되는 것이 특징. ‘말랑이’라는 용어와 혼용되기도 함."
클리커,키보드에 사용되는 스위치를 활용해 누를 때마다 딸깍 소리와 함께 손맛을 느낄 수 있는 촉감 굿즈. 3D 프린터를 활용해 다양한 모양의 클리커를 제작하는 경우가 많음.
피젯 보드,"종이 상자 등을 활용해 만든 판 위에 빗, 화장품 샘플, 작은 장난감 등 잡다한 물건들을 붙여 만든 보드를 뜻함. 피젯 보드에 붙여둔 물건을 하나씩 두드려 소리를 내보고, 점수를 매기는 콘텐츠가 유행했음."
리커버리노믹스,"‘Recovery(회복)’와 ‘Economics(경제)’의 합성어로, 수면·사우나·각종 테라피 등 ‘회복’과 관련된 소비 트렌드를 뜻함. 캐릿이 만든 신조어."
경도,‘경찰과 도둑’의 줄임말. 경찰과 도둑으로 역할을 나누어 진행하는 일종의 술래잡기임.
알파세대,"2009년 이후 출생자, 즉 Z세대 다음 세대를 부르는 말."
얼리 안티에이징,10·20대부터 일찍 노화를 관리하는 트렌드를 뜻하는 말.
올다아무,올리브영·다이소·아트박스·무신사를 한데 묶어 부르는 말.
향성비 공간,적은 비용으로 공간의 인상을 바꾸는 향 중심 공간을 뜻함. 향이 공간을 완성하는 인테리어 요소로 인식되는 경향과 함께 생긴 트렌드. 캐릿이 최초로 정의한 개념.
밍글 모닝,"‘Mingle(어울리다)’과 모닝의 합성어. 자기계발에 아침 시간을 투자하는 ‘미라클 모닝’과 달리, 친목과 교류 또는 가벼운 취미 활동을 하며 아침을 보내는 트렌드. 캐릿이 최초로 정의한 개념."
각할모,"‘각자 할 거 하는 모임’의 줄임말. 서로 다른 일을, 함께 모여서 하는 Z세대 문화를 뜻함."
분철,"주로 K팝 팬덤에서 사용되는 용어로, 랜덤 굿즈를 구매할 때 멤버 수만큼 인원을 모아 공동으로 구매한 뒤, 각자 원하는 멤버의 굿즈만 나눠 갖는 방식을 뜻함."
MZ샷,"0.5배 줌(광각)을 설정해 일부러 비율이 왜곡되도록 하고, 위에서 아래를 내려다보듯 촬영하는 사진 구도. 이를 바탕으로 다양한 인증샷 트렌드가 생기고 있음."
젠지스테어,Z세대들이 인사하거나 대화하는 상황에서 대답하지 않고 상대를 빤히 바라보는 행동을 하는 것.
혼놀,혼밥을 비롯해 ‘혼자 노는 것’을 총칭하는 말
순공,‘순수하게 공부에 집중한 시간’의 줄임말. 타이머를 켜고 순공 시간을 기록하며 공부하는 중·고등학생이 많음.
홈 프로텍터,"‘백수’를 고급스럽게 부르는 신조어로, 일종의 밈처럼 쓰임."
밍글링,"‘밍글링(Mingling)’은 ‘어울리다’, ‘섞이다’라는 의미를 가진 단어로, 또래끼리 함께 여행을 가거나 네트워킹을 즐기는 과정을 밍글링이라고 부름."
오하아사,"일본의 한 인기 방송에 나오는 점성술 코너 ‘오하아사호시우라나이’에서 유래한 명칭. 방송 내용을 바탕으로 매일 아침마다 오늘의 운세와 행운의 아이템을 알려주는 국내 계정이 생기면서, 엑스 사용자를 중심으로 유행하기 시작했음."
옾만추,오프라인에서 낯선 사람과 교류하는 모임을 선호하는 Z세대의 성향을 부르는 용어.
혼팬,"혼자 덕질을 즐기는 팬을 뜻함. 최근 공연, 스포츠 경기 등을 혼자 관람하는 경우가 늘어남."
잼컨,‘재미있는 콘텐츠’의 줄임말.
북부대공,"북쪽 영지를 다스리는 대공 지위를 뜻함. 서양풍 로맨스 판타지 웹소설에서 자주 등장하는 남자 주인공 유형. 압도적인 힘과 능력을 갖췄으며, 겉으로는 차갑지만 사랑 앞에서는 따뜻해지는 클리셰적인 캐릭터."
굳이데이,가수 ‘우즈(조승연)’가 만들어서 유행시킨 문화. ‘귀찮더라도 낭만적인 일을 찾아서 하는 날’을 의미함. 조개구이를 먹고 싶을 때 ‘굳이’ 인천까지 가서 먹고 오는 식. ‘낭만을 찾으려면 귀찮음을 감수해야 한다’는 메시지에 공감하는 Z세대가 많음.
클래식힙,"고전 음악, 미술 전시와 같은 ‘클래식’ 문화를 힙하고 낭만적이라고 여기는 새로운 경향."
텍스트힙,"독서, 기록 등 텍스트 콘텐츠를 힙하다고 여기는 새로운 경향."
근황 발표회,친구들 앞에서 지난 일상과 앞으로의 목표 등을 PPT 자료로 만들어 발표하는 이벤트. ‘오타쿠 발표회’가 유행한 이후 다양한 발표회 이벤트가 파생되기 시작했음.
걸스나잇,"여자 친구들끼리 밤새 맛있는 음식을 먹으며 노는 파티를 ‘걸스나잇’이라 부름. 최근엔 베스트 드레서를 뽑거나 유행 중인 게임을 하는 등, 같이 즐길 콘텐츠가 뚜렷한 걸스나잇이 트렌드로 떠오름."
가챠,기계에서 나는 덜그럭거리는 마찰음을 나타내는 일본 의성어 '가챠가챠'에서 유래함. ‘랜덤 뽑기’를 뜻함.
랜놀,"랜덤 여행, 랜덤 잠옷 선물 등 ‘랜덤’이라는 키워드를 활용해 노는 Z세대가 많아짐. 캐릿은 이러한 놀이 문화를 ‘랜놀(랜덤 놀이)’이라고 정의함."
실용세대,"가성비를 중요하게 따지며, 보여지는 것보다 실속, 내실을 중요하게 생각하는 세대"
빌려 온 고양이같이,"여러 사람이 모여 떠드는 데서 사람들과 어울리지 아니한 채 혼자 덤덤히 있는 경우를 이르는 속담. 귀여운 속담이라며 밈으로 활용하는 Z세대가 많은 편.
ex. 이번 겨울은 친구 없이 계절학기 들어야 해. 빌려온 고양이 됨..."
궁전으로 갈 수도 있어,"가수 ‘이문세’의 곡 ‘깊은 밤을 날아서’에서 유래한 밈. ‘고운 그대 손을 잡고 밤하늘을 날아서 궁전으로 갈 수도 있어’라는 구절이 나오는데, 이 가사를 변형해 밈으로 활용하는 Z세대가 많아진 것. 주로 ‘기분이 정말 좋다’는 의미를 담아 유쾌하게 말하고 싶을 때 씀.
ex. 오늘 퇴근하고 삼겹살 먹으면 궁전으로 갈 수도 있어"
클린걸,자연스럽고 건강한 아름다음을 추구하는 트렌드
팬튜브,"팬이 운영하는 유튜브 계정. 특정 아이돌이나 배우가 출연한 콘텐츠를 2차 가공하거나, 직접 촬영한 영상을 업로드함."
겟 레디 윗 미,"‘Get Ready With Me’를 한국어로 발음한 표기. 외출 전 옷을 고르고, 메이크업하는 과정을 담은 유튜브 콘텐츠."
가슴에 국밥 쏟음,"‘훈훈하다’, ‘마음이 따뜻해진다’라는 뜻의 밈."
옹씌옹씌,"모바일 게임 ‘피크민 블룸’ 캐릭터의 효과음에서 유래함. 피크민 캐릭터가 아이템을 운반할 때 ‘옹씌옹씌’라는 소리가 나는데, 이 소리가 귀엽다는 반응이 많아 밈화됨. 주로 아무 의미 없는 의성어처럼 쓰임.
ex. 오늘 저녁 마라탕 먹음. 옹씌옹씌."
Queen never cry,"웹툰 ‘기자매’에서 유래함. 기자매 34화에는 퀸 패밀리에서 태어난 신생아 ‘로라’가 울자, 엄마인 ‘세리나’가 ‘Queen never cry’라고 말하는 것에서 유래함."
허거덩거덩스,"2025년 2월 ‘잇츠꿀띵’이라는 인스타그램 계정에서 한 남성이 팔짱을 낀 이미지에 ‘리얼 허거덩거덩스한 상황’이라는 문구를 넣어 게시한 게 유명해짐. 이후 해당 짤이 각종 SNS와 커뮤니티로 퍼지면서 ‘허거덩거덩스’라는 감탄사가 밈으로 자리 잡음. 주로 놀라거나 당황스러운 상황에서 감탄사로 활용함.
ex. 4월은 공휴일이 없대. 리얼 허거덩거덩스한 상황;"
익속,"익명 속마음의 줄임말. SNS 게시글에 ‘좋아요’를 누른 사람에 대한 속마음을 남기는 새로운 SNS 소통 방식. 내가 ‘익속’이라는 제목으로 올린 게시물에 누군가가 ‘좋아요’를 누르면, 좋아요 누른 사람에 대해 느꼈던 생각을 SNS에 올려주는 것. 누구인지는 밝히지 않는 게 특징."
사과가 되지 말고 도마도가 되라,"겉모습만 붉고, 속은 흰 사과가 아닌 겉과 속이 토마토처럼 같은 사람이 되라는 의미. 밈으로 활용하는 Z세대가 많음.
ex. 2025년? 사과X 도마도O(올해는 건실하게 살겠다는 의미)"
줄수록 양양,"주면 줄수록 부족하게 여기고 더 요구하게 된다는 말. 귀여운 속담이라며 밈으로 활용하는 Z세대가 많은 편.
ex. 줄수록 양양 상태가 되어버림(휴가 더 주세요)"
평생 소원이 누룽지,기껏 요구하는 것이 너무나 하찮은 것임을 비유적으로 이르는 속담. 귀여운 속담이라며 밈으로 활용하는 Z세대가 많은 편.
칠 가이,"‘필립 뱅커스’라는 아티스트가 만든 캐릭터로 인해 생긴 밈. ‘칠 가이’는 아무 것도 신경 쓰지 않는 쿨한 성격인데, 2024년 ‘bliterzz’라는 틱톡커가 이 캐릭터를 활용해 웃긴 짤을 제작하여 대중적으로 유명해 짐. 이후 본인의 상황에 빗대 짤을 만드는 게 본격적으로 유행하기 시작함."
섹시푸드,1020이 맛있는 음식을 먹었을 때 감탄하는 말. 2024년 8월 유튜브 ‘빵먹다살찐떡’ 채널의 쇼츠에서 소개되면서 주목받음.
Gwansik(관식),"다정한 남편, 남자친구를 비유적으로 표현하는 말로 쓰임. 자신의 남자친구나 남편을 ‘나만의 관식(Own Gwansik)’으로 부르면서 자랑하는 영상을 올리는 해외 Z세대가 많음."
Maknae(막내),"해외 K팝 팬들 사이에서 ‘귀여운 사람’이라는 의미로 쓰임.
ex. - Born to be Manknae(이 사람은 원래 귀엽게 태어난 듯)"
Jinjja(진짜),"해외의 K팝, K드라마 팬들이 최애의 무대나 작품을 칭찬할 때 감탄사로 사용함.
ex. this is jinjja perfect(진짜 완벽하네)"
시즌그리팅,"연말 연시 판매되는 굿즈 세트. 달력, 다이어리 등으로 구성됨."
감다죽,‘감 다 죽음’이라는 의미의 Z세대 유행어. 트렌디하지 않다는 의미. 반댓말은 ‘감다살’
나니가스키,일본 애니메이션 ‘러브라이브!’ 콘서트 곡 가사에서 유래된 밈. ‘나니가스키(무엇을 좋아해?)’라는 질문에 ‘OO 요리모 아나타(OO보다도 너)’라고 자답하는 식으로 사용됨.
HMH,"‘하면 해’라는 뜻으로, 각 글자의 초성을 영문으로 바꾼 것이 특징임. 상대방이 무언가를 제안했을 때, ‘네가 하면 나도 하겠다’ 또는 ‘하면 하지, 못할 게 뭐가 있냐’라는 의미"
GMG,"‘가면 가’라는 뜻으로, 각 글자의 초성을 영문으로 바꾼 것이 특징임. 친구가 특정 장소에 가자고 제안할 때, 짧고 간편하게 ‘GMG’라고 답장하는 식으로 쓰임."
나같경,"‘나 같은 경우에는’의 줄임말로, Z세대가 특정 상황에서 ‘나라면 이렇게 행동할 것 같다’라는 의사를 표현할 때 사용함. (ex. 나같경 개강만 하면 내향인으로 바뀜.)"
왼얼사,"‘왼쪽 얼굴 사수’의 줄임말. 사진을 찍을 때 왼쪽 얼굴이 더 잘 나온다고 생각해, 왼쪽 얼굴이 보이도록 포즈를 취할 때 사용하는 표현. 반대말로는 ‘오얼사’가 있음."
오얼사,"‘오른쪽 얼굴 사수’의 줄임말. 사진을 찍을 때 오른쪽 얼굴이 더 잘 나온다고 생각해, 오른쪽 얼굴이 보이도록 포즈를 취할 때 사용하는 표현. 반대말로는 ‘왼얼사’가 있음."
아샤,"‘아침에 샤워한다’라는 의미. 하루 중 언제 샤워하는지 이야기할 때 쓰이며, 반대말로는 ‘밤샤(밤 샤워)’가 있음."
밤샤,"‘밤에 샤워한다’라는 의미. 하루 중 언제 샤워하는지 이야기할 때 쓰이며, 반대말로는 ‘아샤(아침 샤워)’가 있음."
포도알,"콘서트 티켓을 예매할 때, 다른 사람이 아직 선택하지 않아 비어 있는 좌석을 의미함."
모리걸,‘숲속에 살 것 같은 소녀’ 감성을 부르는 말.
분좋카,‘분위기 좋은 카페’를 줄여 부르는 말.
야빠마블,야구를 테마로 만든 부루마블 게임. 칸마다 야구와 관련된 미션(ex. 투수 3명 이름 말하기 등)이 적혀 있는 것이 특징임.
퀵턴 여행,"‘퀵턴(Quick-Turn) 여행’은 말 그대로 목적지를 찍고 바로 돌아오는 여행으로, 짧은 당일치기를 뜻함."
바람은 왱왱왱 마음은 잉잉잉,넷플릭스 드라마 ‘폭싹 속았수다’에서 유래한 밈. 극 중 백일장에서 남자 주인공인 ‘양관식(박보검)’이 ‘춘풍’을 주제로 지은 시의 구절. ‘바람은 왱왱왱’ 뒤에 자신이 원하는 구절을 붙이는 식으로 사용됨.
669 치킨,‘BBQ 치킨’을 ‘669 치킨’으로 잘못 읽은 것. 약속 장소를 669 치킨으로 잘못 얘기한 사람의 썰이 온라인에서 화제가 되며 유명해짐.
초코파이 아홉,‘초코파이 정’의 한자 ‘情(정)’을 숫자 ‘아홉’으로 읽은 것.
느슨한 연대,"취향, 취미, 가치관 등 필요에 따라 유연하게 유지되는 인간 관계를 부르는 말."
비계,‘비공계 계정’의 줄임말. 주로 트위터나 인스타그램에서 쓰임.
실친,‘실제 친구’의 줄임말. 학교나 직장 등 오프라인에 기반을 둔  친구를 부르는 말.
걸스나잇,"주로 Z세대 여성들이 모여 밤새 노는 모임을 부르는 말. 파자마 파티, 오타쿠 MT, 홈파티 등이 이에 해당됨."
베프,‘베스트 프렌드’의 줄임말. 단순 지인이 아니라 친한 친구를 부르는 말.(유의어: 찐친)
링크트리,하나의 페이지에 다양한 링크를 모아서 보여줄 수 있는 서비스
인용,엑스(구 트위터)에서 다른 사람의 게시물에 자신의 의견을 덧붙여서 공유하는 기능.
제철코어,"Z세대에게 특정 계절을 연상시키는 먹거리나 장소, 콘텐츠, 이벤트를 통틀어 부르는 말."
감다살,‘감 다 살아남’이라는 의미의 Z세대 유행어. 트렌디하다는 칭찬. 반댓말은 ‘감다죽’
피꾸,‘피드 꾸미기’의 줄임말. 인스타그램 피드를 예쁘게 꾸미는 것을 부르는 말.
트친,트위터 친구의 줄임말. (트위터 = 구 엑스)
오타쿠 발표회,좋아하는 대상을 소개하는 PPT 자료를 만들어 친구들 앞에서 발표하는 Z세대 놀이 문화.
ㄱㅂㅈㄱ,"‘가보자고’의 초성. 일을 시작하는 상황, 힘을 내야 하는 상황에 사용함."
700,‘귀여워’의 초성인 ‘ㄱㅇㅇ’를 유사한 모양의 숫자 ‘700’으로 표기한 것. 귀엽다는 뜻.
럭드,"랜덤으로 굿즈를 받을 수 있는 이벤트를 ‘럭키 드로우’, 줄여서 ‘럭드’라고 부름."
아궁빵,"‘아기 궁뎅이 빵’의 줄임말로, 턱에 한 손을 올려 얼굴을 받치는 포즈. 팬 사인회나 행사장에서 팬들이 아이돌에게 자주 요청하는 인기 포즈임."
스핀,"요즘 덕질할 때 필수로 통하는 익명 Q&A 서비스명. 주로 엑스(구 트위터)에서 사용됨. 마치 ‘인스타그램 무물’처럼, DM 대신 익명 Q&A 서비스를 소통 창구로 활용하는 것."
홈베이스,"학생들이 과목을 직접 선택해서 시간표를 꾸리는 ‘고교학점제’가 전면 도입되면서 10대에게도 공강 시간이 생겼는데, 이 시간을 보낼 수 있도록 마련된 공간을 말함. 대학교의 ‘과방’ 같은 곳."
가챠 파우치,랜덤으로 뽑을 수 있는 작은 장난감 ‘가챠’를 활용해 만드는 파우치. 서로 어울리는 가챠를 모아 투명 파우치에 담아냄.
럭키비키,"[밈] 아이돌 ‘장원영'의 긍정적인 사고 방식을 가리키는 ‘원영적 사고’ 밈을 대표하는 문구. 원영적 사고를 했을 때 ‘럭키비키’라는 표현을 덧붙이는 것이 규칙처럼 통함. 이때, '비키'는 장원영의 영어 이름을 뜻함."
시그,"‘시즌 그리팅’의 줄임말. 새해를 맞아 판매되는 달력, 다이어리 등의 굿즈 세트."
스꾸,인스타그램 스토리 꾸미기의 줄임말. 스마트폰 ‘컷아웃’ 기능을 활용해 스토리에 올릴 사진을 꾸미는 것을 의미함.
촌캉스,촌+바캉스의 합성어. 시골집에 놀러 간 것처럼 휴가를 즐기는 Z세대 문화를 의미함.
겸덕,"동시에 2개 이상의 분야에 관심을 갖고 덕질, 취미를 즐기는 것을 말함."
복복,[밈] 머리를 쓰다듬는 행동을 표현한 의태어. 좋아하는 대상을 칭찬할 때 사용함. 아이돌 팬덤이 최애를 향해 자주 쓰는 표현으로 인기를 끌고 있음. (2024년 11월 기준)
항도니 잠,[밈] MBC 예능 프로그램 ‘무한도전’ 촬영 중 개그맨 ‘정형돈’이 잠든 모습에서 유래한 밈. 한 엑스 유저가 해당 짤을 공유하며 ‘정형돈처럼 맛있게 자고 싶다’고 게시물을 올리며 ‘항도니 잠’이란 표현이 생김. ‘꿀잠 자고 싶다’는 의미로 사용됨. (2024년 11월 기준)
드렁슨,"[밈] 코를 골며 자는 모습을 표현한 의성어. 엑스를 중심으로 ‘~슨’으로 끝나는 어미가 유행하며, 코 고는 소리인 ‘드르렁’에 ‘슨’을 붙여 ‘드렁슨’이라고 표현함. (2024년 11월 기준)"
푸데푸데,"[밈] 꿀잠 자는 모습을 표현한 의성어. 고양이나 강아지 등 귀여운 동물이 자는 모습에서 유래한 표현. 엑스, 유튜브에서 활발하게 사용되고 있음. (2024년 11월 기준)"
끌올 세대,"기업의 선행, 잘못 등을 꾸준히 수면 위로 끌어 올리며 소비 시 참고하는 Z세대의 성향을 일컫는 말."
위시코어,"아이돌 그룹 ‘엔시티 위시’의 스타일, 감성을 부르는 말. 별모양과 날개, 반짝이 등이 대표적인 요소로 꼽힘."
레그 워머,"발목부터 종아리까지 감싸는 디자인의 토시, Y2K 패션이 유행하면서 레그 워머도 힙한 아이템으로 주목받았음."
깊생,‘깊은 생각’의 줄임말. 주로 덕질하는 대상에 대한 마음을 표현하는 주접 밈으로 쓰임.
카우룽 카우룽,‘가을은 가을이군요’를 잘못 알아들었다는 온라인 썰에서 유래한 Z세대 유행어.
사쉐,프랑스어로 향기를 담는 작은 주머니라는 뜻. 옷장이나 방문에 매달아서 사용하는 향기 제품.
포토덤프,B컷을 포함한 대량의 사진을 제시하며 특별한 감성을 전달하는 콘텐츠 구성 방식.
스공,‘스토리 공유’의 줄임말. 인스타그램 스토리로 사진이나 영상을 공유하겠다는 뜻. 해시태그로 활용해 더 많은 사람들에게 게시물이 노출되도록 하는 데에도 쓰임.
공방판,"공개 방송에 참여하기 위해서는 음원 다운로드 내역, 앨범 실물 등 팬임을 증명할 수 있는 확인 절차를 거쳐야 함. ‘공방판’은 이러한 절차를 마친 후 배부받는 물품임."
올콘,‘올(all) 콘서트’의 줄임말. 한 공연의 모든 회차를 관람하는 것.
공방,‘공개 방송’의 줄임말. 음악 프로그램에서 방영되는 무대를 방청하러 가는 것을 뜻함. 보통 공개 방송에서 역조공이 진행될 때가 많음.
느좋,‘느낌 좋은’의 줄임말. 힙하고 멋진 것을 가리키는 Z세대 신조어.
토템,과거부터 신성하게 여겨져 온 특정 동식물 혹은 자연물을 뜻함. 굿즈에서는 주로 ‘나를 수호하는 마스코트’의 의미로 사용됨.
뮷즈,‘뮤지엄 굿즈’의 줄임말. 박물관에서 판매하는 문화 유산 활용 굿즈를 뜻함.
도달가능미,‘도달할 수 있는 미(美)’를 뜻하는 신조어. 추구하는 미를 뜻하는 ‘추구미’와 반대되는 의미를 갖고 있음.
본업존잘,본업을 잘한다는 의미를 가진 줄임말. 칭찬의 의미로 사용됨.
디토 감성,2000년대를 연상시키는 아날로그 감성의 촬영법. 주로 캠코더로 촬영한 듯한 저화질의 영상을 가리킴.
방탈러,방탈출 게임을 즐기는 플레이어들이 스스로를 부르는 말.
시고르자브종,믹스견을 뜻하는 말. ‘시골 잡종’을 외국어처럼 받침을 길게 늘려 발음한 것.
발레코어,발레복에서 파생된 스타일을 부르는 말. 리본 장식이 대표적인 특징.
신꾸,‘신발 꾸미기’의 줄임말.
농협은행 밈,한 외국인이 ‘농협은행’이 어딘지 물어본 것을 ‘너무 예쁘네’로 잘못 알아들은 편의점 알바생 썰에서 유래한 밈. Z세대 사이에서 ‘농협은행=너무 예쁘다’로 해석되기도 함.
뽀용,뽀얗고 하얗다는 의미의 신조어. 사랑스럽다는 표현으로 쓰이기도 함.
뽀용하다,"[밈] 화사하다, 뽀얗다는 의미의 신조어. 2021년쯤부터 뷰티 유튜버들이 자주 쓰며 퍼진 말. 패션, 뷰티 관련 콘텐츠에 자주 등장하며 10~30대 여성들 사이에서 널리 사용되는 중. (2024년 7월 기준)"
찍먹,"'찍어 먹기'를 줄여 부르는 말로, 어떤 대상에 깊이 몰입하지 않고 가볍게 체험만 해본다는 의미로 씀."
궁예,추측한다는 의미. 드라마 ‘태조 왕건’에서 ‘궁예’가 다른 사람의 마음을 꿰뚫어 보는 관심법을 사용했다는 것에서 유래함.
모루인형,'모루'라는 '털 철사'를 이용해 만드는 10cm 크기의 작은 인형. 키링으로 만들어 가방에 달고 다니는 게 유행 중.
VIB,"Very Important Baby의 줄임말. 중요한 사람이나 귀한 손님을 의미하는 VIP(Very Important Person)를 변형한 신조어로, 매우 소중한 아기를 의미."
골드키즈,왕자나 공주처럼 귀하게 자라는 외동아이
업에이저,"업(up)과 에이저(ager)의 합성어로, 어린 나이에 신체적, 사회적, 심리적, 교육적, 상업적으로 빨리 성숙한다는 의미."
텐포켓,"10개의 돈주머니(ten pocket). 한 명의 아이를 위해 부모, 조부모, 친인척, 주변 지인까지 포함해 10명의 사람들이 주머니에서 돈을 꺼낸다는 의미."
스드메,"스튜디오 촬영, 드레스, 메이크업의 줄임말. 결혼식을 준비하는 과정에서 필요한 세 가지 단계를 부르는 말."
원영적 사고,[밈] 아이돌 그룹 ‘아이브’ 장원영의 긍정적 사고를 뜻함. 장원영이 한 영상에서 빵이 다 팔렸는데 ‘갓 나온 빵을 먹을 수 있게 됐다. 럭키다’라고 말한 것에서 유래. 2024년 3월부터 대유행 중. 각종 ‘OO적 사고’ 패러디가 등장하고 있음. (2024년 5월 기준)
어남자,"[밈] 아이돌 그룹 ‘CIX’ 멤버가 ‘어여자(얼른 자)’라고 하면 팬들이 ‘어남자’라고 답하며 말장난한 것에서 유래. 2023년 말부터, 팬덤 내에서 소소하게 유행 중. (2024년 5월 기준)"
맑눈광,‘맑은 눈의 광인’을 줄인 말. Z세대가 얌전해 보이지만 때때로 광기를 보이는 인물이나 캐릭터를 부르는 별명.
사일로,독립적인 의사결정을 할 수 있는 소규모 애자일 조직
포스타입,창작물을 공유할 수 있는 블로그 플랫폼 서비스.
트위터 예절,"주로 트위터에서 보이는, 맛있는 음식을 먹을 때 포토카드를 들고 사진을 찍어 SNS에 공유하는 Z세대 온라인 문화를 부르는 말"
알티,‘리트윗(ReTweet)’의 약자. 트위터에서 다른 계정의 게시물을 자신의 계정에 공유하는 기능을 의미함.
공구,공동구매의 줄임말. 비용 절감 등을 이유로 특정 물건을 단체로 사는 구매 방식.
버튜버,‘버추얼 유튜버’의 줄임말. 모션 캡처 등을 활용해 표정과 움직임을 실시간으로 따라하는 아바타를 내세워 방송하는 유튜버.
코덕,화장품(Cosmetic) 덕후를 부르는 말.
긱시크,괴짜를 뜻하는 ‘긱(Geek)’과 세련됨을 의미하는 ‘시크(Chic)’를 합친 말. 2024년 유행하는 패션 유행. 뿔테안경이 대표 아이템.
점메추,‘점심 메뉴 추천’의 줄임말.
ㅈㅂㅈㅇ,정보좀요의 초성을 따서 만든 MZ세대 신조어. 모르는 사람에게 제품 정보를 물어볼 때 사용함.
폰꾸,폰꾸미기의 줄임말.
역트렌드,주류 트렌드에 대한 반작용으로 반대편에 있는 트렌드가 주목받는 현상
실트,엑스(구 트위터) ‘실시간 트렌드’라는 뜻. 현재 많이 언급되고 있는 주제를 프로그램이 인지해 실시간 트렌드로 올리기 때문에 지금 무엇이 화제인지 알 수 있음.
자만추,‘자연스러운 만남 추구’를 줄여 부르는 Z세대 신조어.
연뮤덕,‘연극 뮤지컬 덕후’의 줄임말
K힙,"한국적인 멋을 잘 녹여낸 굿즈, 공간, 관광, 식품이 Z세대 사이에서 '힙 하다'고 여겨지는 경향."
이어북,1990년대 하이틴 분위기가 느껴지는 미국의 졸업앨범
라포,사람과 사람 사이에 형성되는 친밀감과 신뢰관계를 뜻하는 심리학 용어
프리츠커 상,건축계의 노벨상. 현존하는 건축 분야의 상 가운데 가장 큰 권위를 지닌 것으로 평가 받음.
코스프레,"‘코스튬 플레이(costume play)’의 줄임말. 게임·만화 속 캐릭터로 분장하고, 그들과 비슷한 행동을 흉내내는 것을 뜻함. 넓게는 누군가를 흉내내는 것에도 코스프레라는 단어를 활용함."
도파민 중독,도파민이란 쾌락을 느끼게 해주는 신경전달물질을 뜻함. 도파민 중독이란 자극적인 콘텐츠만을 소비하며 도파민을 좇는 상태를 의미함.
무지출 챌린지,2023년 유행하기 시작한 절약 방식. 하루 지출 0원을 목표로 소비하는 것을 뜻함.
짠테크,짠돌이와 재테크의 합성어. 불필요한 소비를 줄여서 돈을 모으는 저축 방식.
써방,‘서치(써치) 방지’의 줄임말. 특정 단어가 검색이 되지 않도록 작성하는 것을 뜻함.
로컬 힙,"특정 지역만의 색깔이 담긴 식품, 공간, 관광, 굿즈, 서비스가 Z세대 사이에서 힙하게 여겨지는 경향."
콜북,"‘콜렉트북’의 줄임말로, 연예인 포토카드를 모아두는 앨범을 뜻함"
이세계아이돌,트위치 스트리머 ‘우왁굳’이 기획한 버추얼 아이돌
블록코어,스포츠 유니폼을 일상복처럼 입거나 일상복에 접목한 패션 스타일
감성계,SNS 내에서 자신의 일상을 감성 사진과 함께 올리는 계정을 일컫는 말
고프코어,아웃도어 제품을 일상복과 매치하는 스타일.
디지털 굿즈,"휴대폰·아이패드 배경화면, 카카오톡 테마 등 디지털 환경에 적용해서 사용할 수 있는 템플릿. 실물 굿즈가 아닌 온라인에서 배포할 수 있다는 점이 특징."
J형,MBTI 유형 중 ‘J형(Judging·판단형)’을 부르는 말. 주로 계획을 철저하게 지키는 성향이 있다고 알려짐.
뷰잉파티,여러 사람들과 한 공간에서 경기 중계 방송을 시청하는 실내 응원전
크리에이터 세대,콘텐츠를 직접 만드는 것이 익숙한 세대. 크리에이터 자아를 중요한 정체성으로 여김.
10cm 인형,아이돌과 닮은 캐릭터를 활용해 만든 10cm 크기의 작은 인형
게임 시네마틱 트레일러,게임의 핵심이 되는 세계관과 스토리를 ‘영화 예고편’처럼 풀어낸 영상을 뜻함.
야푸,‘야구 푸드’의 줄임말. 야구 경기를 관람하면서 먹는 음식을 부르는 Z세대 신조어.
올드머니룩,"전통적인 부자들이 즐겨 입는 패션이라는 의미. 로고가 돋보이지 않고, 심플한 컬러와 단정한 디자인이 특징."
추구미,"‘추구하는 아름다움(美)’이라는 의미의 Z세대 신조어. ‘워너비, 이상향’과 비슷한 용례로 쓰임."
랜덤깡,랜덤 상품을 여러 개 구입해 열어보는 일을 부르는 말. ‘언박싱’과 비슷한 의미.
텅장,잔고가 없어 텅 빈 통장을 뜻함.
직접 추가,인스타그램에서 다른 사용자가 올린 게시물과 엮어서 새로운 게시물을 올릴 수 있는 기능.
드르륵갉,편의점 앞에 비치된 의자에 앉아 속마음을 털어놓는 걸 부르는 온라인 유행어.
타래,트위터에서 답변 기능을 활용해 게시물 여러 개를 이어서 올리는 걸 부르는 말.
짤털,‘짤 털기’의 줄임말. 온라인 게시판이나 SNS에 대량의 사진을 한꺼번에 올리는 일을 부르는 말.
비공굿,‘비공식 굿즈’의 줄임말. 금손 팬이 직접 만드는 굿즈를 뜻함.
자컨,‘자체 제작 컨텐츠’의 줄임말. 방송사가 아닌 소속사가 직접 제작하는 아티스트 관련 콘텐츠를 말함.
이스터에그,콘텐츠나 이벤트 등에 숨겨진 메시지나 기능
시참,‘시청자 참여’의 줄임말. 게임 스트리머의 실시간 게임 방송에 시청자들이 직·간접적으로 함께 참여하는 것을 뜻함.
셀프 분석 서비스,"성격 유형 검사, 퍼스널 컬러, 유전자 검사 등 자기 자신을 더욱 심층적으로 알아보기 위해 받아보는 검사를 총칭함."
셀프 캐해,"셀프로 나의 캐릭터를 해석한다는 뜻으로, 스스로의 특징을 분석해 나의 이미지를 설정하는 것을 말함. MBTI 테스트가 대표적인 셀프캐해 콘텐츠."
피케팅,‘피 튀기는 경쟁률을 자랑하는 티케팅’의 줄임말.
징검다리 소비,"징검다리에 돌 하나를 추가하듯, 물건을 저렴하게 사기 위해 하나 이상의 사전 절차를 밟는 소비 패턴"
착붙,‘착 달라붙는다’의 줄임말. 잘 어울린다는 의미로 쓰임.
도파민,인체에 분비되는 신경전달물질로 쾌락을 느끼게 해주는 것으로 알려져 있음.
스팀,글로벌 게임 플랫폼.
에브리타임,학교별 게시판이 운영되는 대학교 커뮤니티 서비스.
맛도리,‘맛있는 음식’이라는 뜻의 온라인 신조어.
걍생,‘그냥 생’의 준말. 갓생에 반대되는 말로 부지런하고 알찬 삶을 살지 말고 그냥 있는대로 살자는 뜻.
잘파세대,Z세대와 알파세대를 묶어 부르는 말. 1996년 이후 출생자를 가리킴.
생일 카페,유명인이나 캐릭터의 생일을 기념하기 위해 열리는 오프라인 이벤트를 총칭하는 말.
반캉스,숙박이 아닌 다른 목적으로 낮 시간 호캉스를 즐기는 문화.
영통 팬싸,영상 통화로 하는 팬 사인회의 줄임말. 코로나 사태 이후 활성화 된 비대면 팬 이벤트 종류의 하나.
지비츠,신발 ‘크록스’를 장식하는 아이템. 각종 캐릭터 모양 등 알파세대와 Z세대의 트렌드를 반영한 형태가 많음.
캐릿 알파세대 자문단,"1020으로 구성된 캐릿의 알파세대 자문단 그룹. 동생, 과외 학생 등 알파세대와 접점이 있는 이들로 구성되어 있으며 알파세대 트렌드를 발 빠르게 전하는 역할을 맡고 있음."
글 리젠,글+리젠(regen)의 합성어. 게시판 등에 새로운 글이 자주 올라올 때 ‘글리젠이 빠르다’라고 표현함.
생성형 AI,기존 데이터와 비교 학습을 통해 새로운 창작물을 탄생시키는 인공지능을 뜻함
좋댓공,"SNS 게시물에 ‘좋아요’를 누르고, 공유하고, 댓글을 달아 주는 일."
힙성비,비용 대비 트렌디하고 힙한 느낌을 극대화한 마케팅 방식
밥친구,"밥 먹을 때 보는 유튜브 영상, 콘텐츠 등을 의미함."
캘박,‘캘린더’와 ‘박제’의 줄임말. 중요한 일정을 캘린더에 저장해둔다는 뜻임.
중꺾마,‘중요한 건 꺾이지 않는 마음’을 줄인 말. 최약체 팀이 롤드컵에서 우승한 사건을 다룬 기사 제목에서 유래한 MZ세대 유행어.
엄카,‘엄마 카드’ 등 부모님의 카드를 부르는 말.
박음질,인스타그램 스토리 게시물을 하루에 많이 올리는 일을 부르는 MZ세대 유행어. 하루에 올린 게시물 개수만큼 화면 상단에 점이 찍히는 것에서 유래.
언더붑,총장이 짧아서 가슴 아래 부분이 드러나는 상의를 부르는 말.
트잘알,"‘잘 안다’, ‘잘 아는 사람’이라는 뜻의 신조어인 ‘잘알’ 앞에 ‘트렌드’의 앞 글자인 ‘트’가 붙은 형태. 즉, 트렌드를 잘 안다는 뜻."
뽐뿌,무언가를 소비하고 싶은 충동을 부르는 온라인 유행어.
타임 스탬프,유튜브 영상에서 특정 구간으로 바로 이동할 수 있도록 설명 란이나 댓글에 시간을 표시해 두는 기능.
농놀,‘농구 놀이’의 줄임말. 영화 <더 퍼스트 슬램덩크> 개봉으로 만들어진 농구 붐을 부르는 Z세대 유행어.
헬시플레저,‘건강하다(Healthy)’와 ‘기쁨(Pleasure)’의 합성어. 건강관리에 즐거움을 부여해 지속가능한 건강관리를 추구하는 것을 의미함.
진대,‘진지한 대화’의 줄임말.
시강,‘시선 강탈’의 줄임말. 유독 남들의 시선(이목)을 끄는 것을 의미함.
술터뷰,‘술을 마시면서 진행하는 인터뷰’라는 뜻.
섭종,‘서버 종료’ 또는 ‘서비스 종료’를 줄여 부르는 말.
어덕행덕,‘어차피 덕질할 거 행복하게 덕질하자.’를 줄여 이르는 말.
핫템,Hot + ‘아이템’의 합성어. 유행하는 아이템이나 꼭 필요한 아이템을 뜻함.
프박,‘프린팅박스’의 줄임말.
킹받는,"King +‘열받네’의 합성어. 기본적으로 열받는다는 의미지만, Z세대 사이에선 다양한 의미로 활용됨."
OOTD,‘Outfit Of The Day’의 줄임말. 당일 또는 특정 상황에서 입은 자신의 옷차림을 촬영하여 소셜미디어에 업로드하는 행위.
모먼트,‘순간’을 뜻하는 영어 단어인 ‘moment’를 그대로 발음한 말. 특정한 모습이나 행동을 보여주는 순간들을 강조할 때 사용함. [용례] ‘OO적 모먼트’
케미,서로 간의 궁합이나 호흡을 부르는 데 쓰이는 말. ‘chemistry’에서 유래.
병약미,‘병약하다’의 어근인 ‘병약’과 아름다움을 뜻하는 한자 ‘美’의 합성어.  ‘약하고 수척해 보여서 보호 본능을 자극하는 매력이 있다’는 뜻.
겟레디윗미,"쌩얼 상태에서 메이크업을 완성하는 과정을 보여주는 콘텐츠. ‘Get Ready With Me(=나랑 같이 준비하자)’를 그대로 발음한 용어로, 줄여서 ‘GRWM’로도 쓰임."
극호,‘극도로 호감’의 줄임말. 비슷한 의미의 표현으로는 ‘최애(=가장 사랑함)’가 있음.
억텐,"‘억지 텐션’의 줄임말로, 자신의 기분은 전혀 그렇지 않은데도 상대의 말이나 행동에 억지로 재미있는 척하거나 격한 반응을 보여주는 것을 의미함. 반대말은 ‘찐텐(=진짜 텐션)’"
트알못,‘트렌드를 잘 모르는 사람’을 뜻함.
음성 도네이션,주로 트위치 등 라이브 플랫폼에서 음성을 함께 보내는 후원 방식.
곰손,손재주가 영 없는 사람을 비유한 말. ↔ 유행어 ‘금손’
그린워싱(Green washing),실제론 친환경이 아닌데 친환경인 척 광고하는 것.
미디어 파사드,"미디어(media)와 건물의 표면을 뜻하는 파사드(facade)가 합성된 용어로, 건물의 외벽에 다양한 콘텐츠 영상을 투사하는 것"
GOAT,‘Greatest Of All Time’의 줄임말. 최근 MZ세대 사이에서 역대급 레전드를 논할 때 자주 쓰이는 표현.
아묻따,‘아무 것도 묻지도 따지지도 않고’의 줄임 말. 유명 광고에서 유래한 Z세대 유행어.
솔플러,혼자 활동을 즐기는 사람을 부르는 말. 주로 게임과 관련해서 쓰임.
어드벤트 캘린더,12월 1일부터 24일까지 크리스마스를 기다리면서 하나씩 선물을 열어보는 형식의 달력.
0차,"1차로 방문할 예정인 핫플레이스에 웨이팅이 길 경우, 대기를 걸어두고 방문하는 주변 공간을 가리킴."
찐친,‘진짜 친한 친구’를 뜻함.
모디슈머,Modify(수정하다)와 Consumer(소비자)의 합성어. 제조업체가 제공한 조리법을 따르지 않고 자신이 재창조한 방법으로 제품을 즐기는 소비자를 의미.
호불호,‘좋음과 좋지 않음’을 의미하는 말. 사람마다 좋고 싫음이 분명하게 나뉘어서 의견이 분분하다는 것을 의미함.
얼죽코,"‘얼죽코’란 얼어 죽어도 코트의 줄임말로, 날씨가 아주 추워도 코트 입는 것을 고집하는 것을 의미함."
Z세대,1996년 이후 출생~2010년대 초반 출생자.
뵤,‘햄스터’를 뜻하는 MZ세대 온라인 유행어. 햄스터의 표정에서 유래함.
블챌,‘블로그 챌린지’의 줄임말. 6월부터 12월까지 6개월간 진행되는 장기 프로젝트로 매주 지정된 카테고리에 한 건 이상의 일기를 작성해야 챌린지를 이어갈 수 있음.
서이추,‘서로 이웃 추가’의 줄임말. 네이버 블로그에서 쓰이는 용어.
드롭,"특정 날짜, 특정 시간에 소량의 상품을 기습적으로 판매하는 방식. MZ세대 타깃 브랜드가 ‘래플’과 함께 자주 사용하는 판매 방식."
POV,시점이라는 뜻의 ‘Point of View’의 약어. 주로 틱톡에서 상황극을 부르는 말로 쓰임.
빙의글,좋아하는 연예인을 대상으로 특정 상황을 설정해 작성한 글.
갓기,God + 아기. 나이가 어리면서 뛰어난 실력을 가진 사람을 칭찬하는 말.
사이다 서사,기승전결을 빠르게 진행하는 서사 전개 형식. 독자가 보기에 답답하거나 전개가 느린 구간이 최소화되었음을 탄산음료의 시원함에 비유한 용어.
RT,‘리트윗(ReTweet)’의 약자. 트위터에서 다른 계정의 게시물을 자신의 계정에 공유하는 기능을 의미함.
서동요 기법,바라는 일이 이미 이루어진 것처럼 꾸며서 얘기하고 다니는 것을 뜻하는 MZ세대 용어. 백제 무왕이 선화 공주와 결혼하기 위해 만들었던 ‘서동요’에서 유래함.
아트 테크,"‘아트’와 ‘재테크’의 합성어. 미술 작품, 음악 저작권 등 다양한 예술 분야에 자산을 투자하는 방식을 말함."
레게노,레전드(Legend)의 D를 O로 잘못 읽은 말. 게임 스트리머 우왁굳의 방송에서 유래한 유행어.
알잘딱깔센,‘알아서 잘 딱 깔끔하고 센스있게’의 줄임말. 게임 스트리머 우왁굳이 사용하며 널리 쓰이기 시작함.
갑툭튀,‘갑자기 툭 튀어나오다’의 줄임말
혼사,"‘혼자 사진 찍는다’의 줄임말. 인생네컷, 포토이즘 등의 포토부스에서 혼자 N컷 사진을 촬영하는 것을 뜻함."
킹받는다,"King +‘열받네’의 합성어. 기본적으로 열받는다는 의미지만, Z세대 사이에선 다양한 의미로 활용됨."
찐텐,‘진짜 텐션’의 줄임말. 꾸미지 않은 솔직한 분위기와 기분이 느껴진다는 뜻. 반대말은 ‘억텐(=억지 텐션)’.
띵 소비,"이미 소분된 제품을 구매하거나, 대용량 제품을 구입해서 여러 사람과 셀프로 나누는 소비 방식."
역조공,연예인이 자신의 팬들에게 선물을 주는 행동 혹은 그 선물을 가르키는 말.
킹리적 갓심,‘합리적 의심’에 접두어 ‘킹’과 ‘갓’을 붙여 강조한 신조어.
힙(hip),"유행에 민감하고 인기가 많음을 의미하는 단어. ‘힙하다’, ‘힙한 OO’로 쓰임. (유사어: 트렌디하다)"
미슐랭,특정 대상을 칭찬할 때 쓰이는 ‘OO 맛집이다’라는 표현이 변형된 버전. ex) “캐릿 트렌드 미슐랭이네”
맛없없,‘맛 없을 수 없다’의 줄임말.
실사,‘실제 사진’의 줄임말
먼치킨,비상식적으로 강한 캐릭터를 가르키는 용어. ‘세계관 최강자’와 비슷하게 의미로 사용할 수 있음.
맞춤형 광고,"이용자의 검색 기록, 구매 정보 등을 기반으로 노출되는 타깃 광고,"
긱 이코노미,Gig Economy. 기업들이 필요에 따라 단기 계약직이나 임시직으로 인력을 충원하고 그 대가를 지불하는 형태의 경제.
직찍,(공식적으로 촬영된 것이 아닌) 팬이 직접 찍은 사진.
언어 감수성,"언어에 대한 민감성, 언어에 대한 이해와 지식을 갖추어 일상 언어 속에 담긴 차별, 불평등, 반인권, 비민주적 요소를 감시해 내는 민감성."
인스타툰,인스타그램에 연재되는 만화(Cartoon)의 줄임말.
갓겜,God + Game. 잘 만든 게임을 칭찬할 때 쓰는 말.
포토프레스,사진(Photo)으로 자신을 표현하는(Express) Z세대를 일컫는 말.
소확성,‘소소하지만 확실한 성취감’의 줄임말.
컨포,‘컨셉 포토’의 줄임말. 아이돌 앨범에 함께 포함되어 있는 사진을 뜻함.
에듀테이너,교육 분야에서 활동하는 연예인 또는 엔터테이너. 에듀케이션(Education)과 엔터테이너(Entertainer)의 합성어.
내수 밈,"온라인에서 널리 쓰이는 밈이 아닌, 특정 트위치 스트리머가 진행하는 방송에서만 사용되는 밈. 마치 내수(국내 수요, Domestic)용 제품처럼 특정한 사람들만 사용하고 외부로 확장되지 않는다는 뜻에서 붙여진 말."
음식 예절샷,맛있는 음식을 먹을 때 포토카드를 들고 사진을 찍어 SNS에 공유하는 Z세대 온라인 문화를 부르는 말
모바일 네이티브,어릴 적부터 모바일 기기를 접하고 자유자재로 구사하는 세대. 1990년대 중반 이후 출생자.
쫌쫌따리,아주 조금씩 틈틈이를 뜻하는 MZ세대 신조어.
재주행,이미 본 작품을 다시 반복해서 보는 것을 부르는 말.
맵부심,‘맵(다)’+‘자부심’의 합성어. 매운 것을 잘 먹는 데 자부심이 있음을 뜻하는 말.
정권 지르기,Z세대에게 일종의 소취(소원성취)와 비슷한 의미로 쓰임. 휴재 중인 일본 만화 <헌터x헌터>의 연재 재개를 기원하는 유튜버가 매일 정권 지르기 천 번 라이브 방송을 한 데서 유래.
손민수,웹툰 <치즈인더트랩>의 등장인물로 주인공 홍설을 몰래 따라하는 캐릭터. MZ세대 사이에서 ‘따라한다’ = ‘손민수 한다’로 통함.
합방,합동방송의 줄임말. 주로 인터넷 방송에서 합동 콘텐츠를 찍는 것을 부르는 말.
틱톡,바이트댄스에서 2016년 출시한 숏폼 서비스.
릴스,인스타그램에서 2021년 출시한 숏폼 서비스.
쇼츠,유튜브에서 2021년 베타 출시한 숏폼 서비스.
홈트,‘홈 트레이닝’의 줄임말. 집에서 운동하는 것을 뜻함.
하지만꽃,벚꽃을 다르게 부르는 말. '벚꽃 = But꽃 = 하지만꽃'으로 바꿔 부른 카카오톡 짤에서 유래.
스불재,"‘스스로 불러온 재앙에 짓눌려’의 준말. 노래 Lazenca, save us에서 탄생한 밈."
홈술,집에서 술을 마시는 것. 코로나19 이후 증가한 트렌드.
미라클 모닝,"4시 30분, 6시 등 새벽에 일어나 하루를 시작하는 생활 방식. 미라클 모닝을 실천하는 유튜버들의 영향이 크며, Z세대의 갓생 트렌드와 연관이 깊음."
카공,카페에서 공부하는 것의 줄임말.
자강두천,‘자존심 강한 두 천재의 대결’을 줄여 부르는 말. 사소한 일로 투닥이는 것을 뜻함.
데스크테리어,데스크(Desk)+인테리어(Interior)의 합성어. 책상을 꾸미는 것을 뜻함.
준등기깡,준등기로 배송된 우편물을 뜯어보는 것. 10~20대는 포토 카드 등 소형 굿즈를 준등기로 거래하는 경우가 많아 생긴 신조어.
버블,스타와 마치 1:1 메시지를 주고받는 것처럼 소통할 수 있게 만들어진 프라이빗 메시지 앱. 유료로 이용이 가능하며 아이돌 팬덤이 활발하게 이용하는 서비스로 유명함.
깡,덕질 용어에서 처음 시작된 단어로 깡은 깐다의 줄임말. 원하는 제품을 깐다는 말로 해석할 수 있다. 비슷한 단어로는 언박싱이 있다.
껄무새,"앵무새처럼 ‘~살걸’, ‘~팔걸’을 반복하는 개인 투자자를 뜻함. (EX. 오늘 AA전자 주식 올랐네? 어제 살 걸.)"
군백기,군대와 공백기의 합성어. 군 복무로 인한 연예인의 공백기를 뜻함.
포카 슬리브,포토카드 사이즈로 제작된 얇은 포장용 비닐.
폴꾸,"폴라로이드 꾸미기, 포토카드를 폴라로이드 형태로 인쇄해서 꾸미는 것."
많관부,‘많은 관심 부탁드립니다’의 줄임말.
취준,‘취업 준비’의 줄임말.
FOMO,‘Fear Of Missing Out’의 약자로 소외되거나 뒤처지는 것에 대한 두려움을 뜻함.
밸런스 게임,"쉽게 고를 수 없는 두 가지 상황을 제시하고, 뭐가 더 나은지 선택하는 게임. 용례: 카레맛 똥 VS 똥맛 카레"
부캐,원래 캐릭터(‘본캐’)가 아닌 또 다른 캐릭터. 온라인 게임에서 유래한 말.
파이프라인,"돈이 들어오는 시스템, 수입원."
임플로이언서,Employee+Influencer. 직원으로서 기업의 브랜딩과 이미지에 영향력을 미치는 존재.
PTSD,외상 후 스트레스 장애의 약자. 일상에서는 “과거의 (안 좋은) 경험이 떠올라서 소름 돋는다.”라는 뉘앙스로 활용됨.
인싸,‘인사이더(insider)’를 줄인 한국식 영어 표현. 사람들과 잘 어울리며 발이 넓은 사람을 뜻함.
좋댓구알,"좋아요, 댓글, 구독, 알림설정의 줄임말"
공구,공동구매의 줄임말. 비용 절감 등을 이유로 특정 물건을 단체로 사는 구매 방식.
탑로더,위로 뚫려있는 입구로 사진이나 카드를 넣어 보관할 수 있는 플라스틱 재질의 보관함
자캐,자신이 직접 그리거나 만든 캐릭터
도아너,도안을 그리는 사람
랩핑지,A4~A5의 사이즈의 배경지. 주로 포장이나 꾸미기에 활용되고 있음.
도무송,칼선이 들어가 모양대로 뗄 수 있는 스티커. 일반적으로 한 장에 스티커 하나씩 들어가 있는 형태가 많음.
웃수저,"‘금수저’를 응용한 신조어로, 딱히 노력하지 않아도 주변 사람들에게 웃음을 주는 재능을 가진 사람을 뜻하는 말."
브이로그,브이로그(v-log): 비디오(video)와 블로그(blog)의 합성어. 자신의 일상을 영상으로 촬영한 콘텐츠를 말함.
캐릿 1020 자문단,"10대 50여 명, 20대(27세 이하) 100여 명으로 구성된 캐릿의 트렌드 자문 그룹. MZ세대만 아는 문화, 유행을 발 빠르게 전하는 역할을 맡고 있음."
액괴 유튜버,액괴란 액체괴물(슬라임)의 줄임말임. 액괴 유튜버란 ‘슬라임’을 만지고 노는 콘텐츠를 주로 업로드하는 유튜버를 뜻함.
액괴,액체 괴물의 줄임말. 알파 세대에게 인기 있는 장난감인 ‘슬라임’을 지칭하는 용어이다.
알티스타,"트윗의 리트윗(공유) 수가 1,000 단위를 넘어가며 화제가 되는 경우, 해당 트윗을 올린 트위터리안을 부르는 말."
까방,까임방지의 줄임말. 타인이나 사회의 비난을 미리 피하는 것을 의미함.
위꾸,위장 꾸미기. 맛있는 식사를 하는 것을 꾸미기에 빗대어 부르는 말.
먹시태그,먹다 + 해시태그(#)의 합성어. 주로 아이돌 팬들이 자신이 좋아하는 가수에게 음식을 추천해주고 싶을 때 사용함. 아이돌마다 고유의 먹시태그가 있음.
뇌이징,‘뇌+에이징’의 합성어. 처음 봤을 때 이상하던 디자인이 보면 볼수록 예뻐 보일 때 사용함.
콜렉트북,포토카드나 사진을 모아두는 앨범
한줌단,다 모아도 한 줌이 될 것 같은 적은 수의 집단을 부르는 말. MZ세대가 비주류를 지칭할 때 사용함.
샤라웃,‘Shout Out’의 한국식 발음. 주로 <쇼미더머니> 같은 힙합 경연 프로그램에서 존중의 의미를 담아 상대를 언급하는 행위를 말함. 요즘엔 ‘널리 알리다’라는 뜻으로도 사용됨.
불펌,"인터넷상에서, 불법으로 다른 사람의 게시물을 그대로 가져오거나 가져가는 일. ‘불법 퍼 옴’의 줄인 말이다."
OO깡,덕질 용어에서 처음 시작된 단어로 깡은 깐다의 줄임말. 원하는 제품을 깐다는 말로 해석할 수 있다. 비슷한 단어로는 언박싱이 있다.
시즈니,SM엔터테인먼트 보이그룹 NCT의 팬 ncitizen의 애칭.
생카,"생일 카페의 줄임말. 주로 아이돌의 생일을 기념하기 위해 열리며, 카페를 대관해 컵홀더 및 카페 내부를 아이돌 사진으로 꾸밈."
국그릇핑크퐁,웃음 소리를 나타낸 유행어 ‘ㅋㅋ루삥뽕’을 변형해서 쓰는 말.
미공포,‘미공개 포토카드’의 줄임말. 앨범에 수록된 ‘공식 포토카드’를 제외한 포토카드를 일컬음. 보통 아이돌 팬들이 각종 이벤트에 참여해서 받게 되는 경우가 많음.
구독팟,‘구독 파티원’의 줄임말. 구독료를 1/N 내고 사용하기 위해 여러 명이서 구독 서비스를 신청하는 MZ세대 문화를 나타냄.
솜뭉치,MZ세대가 ‘인형’을 부르는 애칭.
비상이다,MZ세대가 감동적인 상황에서 사용하는 유행어. 한 익명게시판의 썰에서 유래됨.
코끝모,코로나 끝나면 모이자를 줄인 신조어.
탭꾸,태블릿 pc 화면 꾸미기
랜봉,판매하는 아이템을 랜덤하게 봉투에 담았다는 뜻.
마테,마스킹테이프의 준말. 주로 다이어리 등을 꾸밀 때 이용됨
무나,무료 나눔의 준말
헤메코,헤어 메이크업 코디를 합쳐 부르는 말
뉴짤,"새로 뜬 사진, 새로 뜬 gif"
킹정,King +‘인정’의 합성어. 강한 인정을 의미함
어쩔티비,"알파 세대 유행어. ‘어쩌라고, TV나 봐’라는 의미로 추정됨."
킬포,‘킬링 포인트’의 줄임말. ‘하이라이트’와 비슷한 의미로 사용됨.
포카,포토 카드의 줄임말. 얼굴이 인쇄 된 명함 사이즈의 카드를 의미한다. 요즘 아이돌 앨범에 필수로 들어있는 굿즈임.
얼빡,얼굴이 한 프레임에 가득 찼다는 뜻. 이렇게 나온 사진을 ‘얼빡샷’이라고 부름.
인쇼,‘인터넷 쇼핑’의 줄임말.
뇌절,똑같은 말이나 행동을 반복해 상대를 질리게 하는 것을 지칭.
블친,블로그 친구의 줄임말.
젶크,"‘제페토 크루’를 줄여서 부르는 말로, 제페토를 함께 즐길 ‘파티원’을 뜻함."
댈컴,‘대리 커스터마이징’의 줄임말. 대리로 남의 아바타를 디자인해주는 것을 뜻함.
할매니얼,‘할매’와 ‘밀레니얼’ 세대의 합성어. 레트로 취향의 음식과 패션을 선호하는 밀레니얼 세대를 의미.
텍대,‘텍스트 대치’의 줄임말. 스마트폰 특정 자판을 누르면 정해진 문구가 나오도록 설정해둔 기능을 뜻함. Z세대는 보통 이모티콘이 들어간 주접 문구를 텍대로 설정해두고 활용함.
웃참,‘웃음 참기’의 줄임말. 웃기지만 웃어서 안되는 일이 있을 때 ‘웃음 참기 챌린지’를 한다고 표현하기도 함.
드볼,"포카, 스티커 등 여러 종으로 나온 굿즈를 모두 모으는 것을 만화 <드래곤 볼>에 빗대어 부르는 말."
쩝쩝박사,"음식에 대해 식견이 높거나, 맛있는 음식 조합을 잘 아는 사람들을 뜻하는 말"
인급동,"‘인기 급상승 동영상’의 줄임말. 유튜브에서 단시간에 높은 조회 수를 기록하고, 화제가 된 영상을 일컬음."
퍼컬,"‘퍼스널 컬러’의 줄임말. 퍼스널 컬러란, 개인의 피부톤에 어울리는 컬러를 뜻하는 말로 요즘 MZ세대는 자신의 퍼스널 컬러에 맞춰 의상, 화장품 등을 구입하려고 함."
저메추,‘저녁 메뉴 추천’의 줄임말. 뭘 먹으면 좋을지 상대에게 메뉴를 추천 받을 때 사용함. 비슷한 용어로 ‘점메추(점심 메뉴 추천)’가 있음.
영끌,‘영혼까지 끌어모은다’의 줄임말. 있는 돈 없는 돈 다 끌어모을 때 비유적으로 사용하는 표현.
실트 총공,원하는 메시지를 트위터 실시간 트렌드에 올리기 위해 해당 메시지가 포함된 트윗을 일제히 작성하는 것. 주로 아이돌 팬들이 최애의 생일을 축하할 때 벌임.
앨범깡,앨범 언박싱을 부르는 말. 주로 원하는 포토카드를 얻기 위해 연속해서 앨범을 열어보는 것을 말함.
인스스,‘인스타그램 스토리’를 줄여 부르는 말.
원툴,(one tool) 한 가지만 잘 한다는 말.
버실,버전 실시간의 줄임말. 슬라임 영상에 상황극 음성이나 자막을 입힌 콘텐츠를 말함.
사바사,‘사람 by 사람’의 줄임말. 사람마다 다 다르다는 것을 의미함.
셧다운제,"청소년의 온라인 게임 중독을 막기 위한 심야 게임 규제로, 만 16세 미만 청소년은 밤 12시부터 다음 날 오전 6시까지 온라인 게임에 접속할 수 없도록 하는 내용의 규제."
삼현슼엘,"국내 굴지의 대기업인 삼성, 현대, SK, LG를 통칭하는 말. MZ세대 취업 준비생들이 입사하고 싶어하는 꿈의 직장으로 꼽히는 기업들."
네카라쿠배당토,"네이버, 카카오, 라인, 배달의민족, 당근마켓, 토스 등 신흥 IT 기업을 통칭하는 말. MZ세대 취업 준비생들이 입사하고 싶어하는 꿈의 직장으로 떠오르는 기업들."
파츠,각종 액세서리 부자재를 일컫는 말. Z세대는 보통 아이돌 포토 카드를 꾸밀 때 파츠를 활용함.
덕업일치,덕질하는 것이 직업이 되었다는 뜻. 요즘은 좋아하는 일이 직업이 되었을 때 사용하는 말로 확장됨.
스카,스터디 카페의 줄임말.
여덕,여자 덕후의 줄임말. 여덕 몰이 멤버 = 여성 팬이 많다는 뜻.
로판,로맨스 판타지 장르를 줄여서 부르는 말. 최근 인기있는 웹소설 장르 중 하나.
손댄스,노래에 맞춰 손 모양으로 안무하는 것을 말함. 주로 ‘틱톡’에서 유행하고 있음.
터프팅,천에 ‘터프팅 건’으로 실을 심어서 만드는 섬유 공예. 요즘 MZ세대 사이에서 인기를 얻고 있는 취미 활동임.
광클,‘狂+click’의 줄임말. 아주 빠른 속도로 클릭하는 것을 의미함.
일잘러,일 잘하는 사람을 뜻하는 신조어
쩝쩝 박사,척척 박사를 변형한 신조어. 먹는 것에 진심인 사람들을 일컬음.
여름이었다,"트위터에서 시작된 유행어. 아무 말이나 해놓고, 뒤에 '여름이었다'라는 문구만 붙이면 감성적으로 보인다는 한 트윗에서 유래해 커뮤니티로 퍼짐."
멍,"불멍, 물멍, 숲멍 등 최근 MZ세대 사이에선 편안한 경관 앞에서 멍을 때리며 휴식을 취하는 것이 트렌드로 떠오름."
탑꾸,탑로더 꾸미기의 줄임말. 포토 카드 케이스를 꾸미는 걸 말함.
별다꾸,"다이어리부터 폴라로이드, 신발, 스마트폰 배경화면까지 별걸 다 꾸미는 MZ세대의 특징을 나타내는 말."
닥눈삼,"‘닥치고 눈팅 삼년’의 줄임말. 주로 커뮤니티 유저들 사이에서 사용되는 용어로, 처음 커뮤니티 활동을 시작할 때 규칙이나 분위기를 충분히 파악하고 활동하라는 뜻."
떼창,"공연에서 관객들이 아티스트의 노래를 다 함께 따라 부르는 행위를 뜻함. 특히 우리나라는 떼창 문화 극도로 발전되어 있어, 외국 뮤지션들 사이에서도 유명함."
무물,"'무엇이든 물어보세요'의 줄임말. 문답을 주고 받는, MZ세대가 SNS에서 즐기는 놀이."
오늘의집,MZ세대가 푹 빠져 있는 인테리어 플랫폼. ‘오늘의집’에서 자주 보이는 스타일로 꾸민 것을 ‘오늘의집st’라고 부름.
혜자,"가성비가 좋다, 넉넉하고 인심이 후하다는 뜻. 배우 김혜자가 모델이었던 편의점 도시락이 가성비가 좋았던 것에서 유래함."
찐후기,MZ세대가 정말 믿을 만하다고 평가하는 ‘진짜 후기’를 일컫는 말.
컨셉러,"‘콘셉트(concept)’와 ‘~하는 사람(-er)’의 합성어로, 자신만의 설정을 만들어 행동하는 사람을 일컫는 말."
찐,"‘진짜’를 뜻하는 접두어. ‘찐팬’, ‘찐사랑’ 등 진심을 강조하고 싶을 때 쓰임."
민경버스,"개그우먼 ‘김민경’과 ‘유니버스’의 합성어. ‘하하버스’의 뒤를 잇는 세계관으로 ‘그냥 하면 다 잘하는데, 정작 본인은 모르는 채로 살아온 세계관’을 뜻함."
커뮤니케이션 코스트,"조직에서 구성원들끼리 소통하기 위해 투입되는 시간, 비용, 노력 등을 의미함."
먹금,‘먹이 금지’의 줄임말. 대꾸하지 않고 무시하는 것을 의미함.
코시국,코로나 시국의 줄임말.
뉴노멀(New normal),상황 변화에 따라 과거의 표준이 더 이상 통하지 않고 새로운 가치 표준이 세상 변화를 주도하는 상태.
도른자,'돌은 자'를 소리나는 대로 발음한 것. 진짜 웃기다는 뜻의 신조어.
크루얼티 프리,"‘학대(cruelty)가 없다(free)’는 의미로, 동물 실험을 하지 않거나 동물 유래 원료를 사용하지 않은 제품을 뜻함."
비건,"원래는 채식주의 중에서도 가장 엄격한 단계를 뜻하는 단어지만, 요즘은 철학적인 이유로 동물성 식품을 섭취하지 않는 사람들을 통칭해 ‘비건’이라고 부르는 경우가 많음."
답정너,‘답은 정해져 있고 너는 대답만 하면 돼’의 줄임말.
파티원,게임 용어로 함께 퀘스트를 깨러 갈 팀원이라는 의미.
리퍼브,"반품됐거나, 외관상 약간의 흠집 또는 하자가 있어 정상가로 판매하지 못하는 제품."
홈쿡,집에서 하는 요리.
밀키트(meal kit),레시피에 따라 미리 손질된 식재료가 팩에 들어있는 제품.
하울(haul),구매한 물건을 보여주면서 품평하는 유튜브 콘텐츠 포맷.
처돌이,치킨 브랜드 ‘처갓집’의 마스코트 ‘처돌이’에서 유래한 말. 특정 대상을 매우 좋아한다는 뜻.
오픈런,특정 상품을 구하기 위해 매장 오픈 시간 전에 줄을 서서 대기하는 행위. 공연계에서 쓰는 ‘오픈런’과는 다른 뜻.
밥약,밥 약속의 줄임 말.
ㄱㅇㅇ,‘귀여워’를 초성만으로 표현한 단어.
무배,무료배송의 줄임말.
브이앱,네이버가 제공하는 연예인 라이브 방송 서비스.
나심비,"‘나’, ‘마음(心)’, ‘소비’의 합성어. 내 마음에 들면 지갑을 여는 소비 심리를 뜻함."
떡밥,"이야깃거리, 특히 덕질할 거리를 뜻하는 MZ세대 용어."
맛집,"‘이 집 잘한다’는 칭찬의 표현. ‘엔딩 맛집’, ‘케미(합) 맛집’ 등 다양한 단어 뒤에 붙임."
서사,어떤 인물에게 부여된 스토리.
포토 카드,"아이돌 멤버의 사진으로 만든 카드로, 주로 앨범 당 한 장씩 들어있는 굿즈. 줄여서 ‘포카’라고 부름."
화력,단체의 행동력. 머릿수로 결정되기 때문에 ‘화력을 모으자’는 말은 참여 인원을 최대한 모으자는 것과 같은 의미.
고인 물,"특정 분야에 막대한 시간과 정성을 투자하여 경지에 이른 사람을 뜻함. ‘고수’, ‘헤비 유저’와 비슷한 의미."
𝙒𝙝𝙮𝙧𝙖𝙣𝙤,‘왜 이래’를 과장한 주접 유행어.
웃음 벨,"벨을 누르면 종소리가 나는 것처럼, 보기만 하면 웃음이 터지는 밈이나 짤을 일컫는 말."
입틀막,‘입을 틀어 막다’의 줄임말. 주로 감정이 복받쳐 오를 때 사용함.
유교걸,"‘유교’와 ‘girl’의 합성어로, 보수적인 사람을 일컫는 말."
시드 머니,"초기 자본, 종잣돈을 의미하는 말."
실친,실제 친구의 줄임말. 온라인에서 사귄 친구가 아니라는 뜻.
어그로(aggro),상대의 관심을 끌거나 도발하기 위해 자극적인 행동을 하는 것을 뜻하는 인터넷 용어.
스밍,스트리밍의 줄임말. 아이돌 팬들이 음원 사이트에서 응원하는 가수의 노래를 차트 1위로 만들어주기 위해 반복해서 듣는 것을 ‘스밍 돌린다’고 표현함.
짬바,짬에서 나오는 바이브의 줄임말. 연륜과 비슷한 의미로 사용됨.
근자감,근거 없는 자신감의 줄임말.
관종,'관심 종자'의 줄임말. 유난히 튀는 행동이나 말을 많이 하는 사람을 뜻함.
라방,라이브 방송의 줄임말.
커미션(commission),"보수를 받고 어떤 일을 처리해주는 행위. 주로 돈을 받고 원하는 콘텐츠(그림, 글)를 제작해줄 때 사용하는 말."
민초단,민트 초코를 좋아하는 이들을 부르는 말. 호불호가 갈리는 민트 초코 논쟁에서 ‘민초’ 편인 사람.
브이라이브,네이버의 실시간 방송 플랫폼. 스타와 팬과 소통하는 창구로 쓰임.
금손,손재주가 좋은 사람을 일컫는 말. 반대말은 똥손.
단호박,"단호한 사람, 단호한 상황을 일컫는 신조어."
최애,"MZ세대가 최고로 사랑하는 대상, 1순위를 부르는 말."
위버스,좋아하는 아티스트에게 글을 쓰고 사진을 남길 수 있는 소셜 네트워킹 앱.
넘사벽,넘을 수 없는 4차원의 벽의 줄임말. 대상과 거리감이 많이 느껴질 때 주로 사용함.
스낵커블(snackable),‘쉽고 빠르게 소비할 수 있는’이란 뜻.
팬싸,팬 사인회의 줄임말.
캐해석,캐릭터 해석의 줄임말. 특정 인물을 분석해 나름의 이미지를 설정하는 일을 의미함.
안읽씹,메시지를 읽지도 않고 답장도 하지 않는 경우를 일컫는 표현.
마상,‘마음에 상처가 났다’는 뜻 .
밖순이,"집순이의 반대말로, 밖에서 노는 걸 좋아하는 사람을 일컫는 말."
인스타그래머블,인스타그램(Instagram)에 올릴만 하다(able)는 의미.
쓸디계,"3D 계정의 줄임말. 2D 애니메이션 캐릭터가 아닌, 실제 인물을 덕질하는 계정을 일컫는 말."
플래그,앞날을 암시하는 복선의 의미로 사용됨. (용례: 가지 말라는 데 꼭 가네? 사망 플래그다!)
디지털 네이티브,어린 시절부터 디지털 환경에서 성장한 세대를 뜻함.
젠더 뉴트럴,남녀를 구분짓지 않는 성 중립적인 패션을 일컫는 말.
밀레니얼,"1981년~1996년에 출생한 세대를 가리키는 말. 대학내일20대연구소에선 심리적, 사회적 동질성을 고려해 1989년 이전 출생자는 전기 밀레니얼, 1989년 출생자부터는 후기 밀레니얼로 구분하고 있음."
K 패치,외국에서 온 물건이나 문화가 한국의 특성을 반영해 변형된 것을 뜻함.
이모지(Emoji),스마트폰에서 사용하는 그림 형태의 문자.
드덕,드라마 덕후의 줄임말.
예쁜 쓰레기,실용성은 없을지라도 감성을 충족시켜주는 물건들을 일컫는 말.
이때싶,'이때다 싶어'의 줄임말. 물 들어올 때 노 젓는다는 뜻.
머글,덕후가 아닌 일반인을 이르는 말. 영화 <해리 포터> 시리즈에서 마법사들이 일반인을 부르는 용어에서 비롯됨.
내돈내산,‘내 돈으로 내가 산’의 줄임말. 주로 제품 리뷰를 할 때 광고가 아니라는 것을 강조하기 위해 사용함.
아이패드 병,아이패드가 갖고 싶어 생긴 병. 아이패드를 사야만 완치가 가능하다고 알려짐. (※ 진짜로 아픈 거 아님 주의)
굿즈,"원래 연예인과 관련된 사진, 포토카드, 응원봉 등의 제품을 뜻했으나, 최근엔 ‘한정판으로 출시되는 매력적인 아이템’을 통칭하는 단어로 자리잡음."
MZ세대,1980년 초반부터 2000년대 중반 사이에 태어난 밀레니얼 세대와 Z세대를 통칭하는 말.
현활,SNS에서 현재 활동중이라는 뜻.
뽀시래기,부스러기처럼 작고 귀엽다는 뜻의 MZ세대식 표현.
인친,인스타그램 친구의 줄임말.
갑분싸,‘갑자기 분위기 싸해짐’의 줄임말.
본캐,‘본래의 캐릭터’의 줄임말.
핀스타,가짜 계정. ‘Fake Instagram’의 줄임말.
린스타,진짜 계정. ‘Real Instagram’의 줄임말.
카공족,카페에서 공부하는 사람들을 일컫는 말.
슈스,슈퍼스타의 줄임말.
라떼,"기성세대가 입 버릇처럼 말하는 “나 때는 말이야~”를 풍자하는 표현으로 “라떼는 말이야”가 탄생함. 즉, 라떼는 기성세대를 뜻함."
인스타 스토리,인스타그램에서 24시간 동안만 공개되는 게시물. 개인의 피드에도 게시되지 않는 것이 특징.
마스킹 테이프,"손으로 찢어 사용할 수 있는 종이 테이프. 다양한 디자인으로, 다이어리를 꾸미는 MZ세대에게 필수템으로 통함."
반모,반말로 말하는 것. '반말 모드'의 줄임말.
떡상,"원래는 주식이나 비트코인 등의 가격이 급등하는 것을 의미하지만, 무언가의 인기가 갑자기 높아졌다는 뜻으로도 사용됨."
엄빠,엄마 아빠를 함께 일컫는 말.
잘알,"'잘 안다', '잘 아는 사람'이라는 뜻의 신조어."
돈쭐,돈으로 혼쭐을 내주겠다는 뜻. 그만큼 많이 팔아주겠다는 긍정적인 의미로 사용됨.
공스타그램,공부와 인스타그램의 합성어. 공시생이나 수험생들이 공부 관련 콘텐츠를 올리는 인스타그램 계정을 일컫는 말.
떡메,떡메모지의 줄임말. 상단이 본드로 제본된 메모지를 뜻함.
리셀(resell),희소한 제품을 구입해 웃돈을 얹어 되파는 행위. 한정판 스니커즈부터 구하기 힘든 굿즈까지 대상은 다양함.
인스,인쇄 스티커의 줄임말. 인쇄소에 원하는 도안을 보내면 스티커를 소량으로 제작할 수 있음.
틱톡커,"틱톡(Tik Tok)에 영상을 찍어 올리는 유저를 일컫는 말. (유사어: 유튜버, 인스타그래머)"
로고 플레이,"패션 트렌드 중 하나로, 브랜드 로고를 활용해 의상이나 액세서리를 디자인하는 것을 일컫는 말."
다꾸,다이어리 꾸미기의 줄임말.
페메,페이스북 메시지의 줄임말.
DM,다이렉트 메시지(Direct Message)의 줄임말.
에타,학교 인증을 거친 재학생들만 이용할 수 있는 익명 커뮤니티 플랫폼 ‘에브리타임’의 줄임말. 과거 학교 커뮤니티와 비슷한 기능을 함.
언택트,접촉하다라는 뜻의 '콘택트(contact)'와 부정어 '언(un-)'을 합성한 말.  비대면 방식을 뜻함.
광공,~에 대해 집착이 있는 사람을 뜻하는 MZ세대의 신조어.
인플루언서블 세대,"Influenceable + 世代 = 영향력 있는 세대라는 뜻. 대학내일20대연구소가 선정한 2021년 트렌드 키워드로, 자신의 영향력을 알고 행동하는 MZ세대를 뜻함."
씽크빅,"학습지 이름 ‘씽크빅’에서 유래한 표현. 창의력이 뛰어난 대상을 칭찬할 때 쓰인다. “어릴 때 씽크빅 좀 했나 봐?”라는 문장에서 파생돼 “오, 씽크빅!”같은 감탄사로도 쓰임."
롤드컵,게임 ‘리그오브레전드(LoL) 월드 챔피언십’을 가리키는 말.  ‘리그오브레전드’로 펼치는 e스포츠 대회를 뜻함.
폰,"MZ세대가 ‘가짜’를 표현할 때 쓰는 접두어. ex) 폰여행=가짜 여행, 폰콘서트=가짜 콘서트"
입덕,入(들어갈 입) + 덕질의 합성어. ‘어떤 포인트에 반해서 덕질을 시작하게 되다’라는 뜻.
눈팅,온라인 커뮤니티 등에서 게시글을 쓰거나 댓글을 달지 않고 오직 게시물을 읽기만 하는 것을 의미함.
야민정음,야구 갤러리+훈민정음의 합성어. 디시인사이드 야구 갤러리에서 만든 드립으로 원래 글자를 모양이 비슷한 다른 글자로 대체해 표기하는 방식. (ex. 멍멍이 → 댕댕이)
내적 친밀감,실제로 알지는 못하지만 온라인 상에서 자주 소식을 접해서 내적으로 친밀감이 쌓였다는 뜻.
상플,‘상상 플레이’의 줄임말. MZ세대가 썰을 풀고 노는 문화를 칭하는 말.
인소,인터넷 소설의 줄임말.
달글,‘달리는 글’의 줄임말. 한 가지 주제가 정해지면 그 주제에 대해서만 얘기하는 글을 뜻함. 유사한 커뮤니티 문화로는 ‘불판’이 있음.
동슈501,"2000년대 중후반, 당시 최고 인기 아이돌이었던 동방신기, 슈퍼주니어, SS501을 합쳐 부르는 말."
국뽕,"부정적 어감으로 들리지만, 요즘 MZ세대가 쓰는 국뽕은 K팝과 한류의 성공으로 ‘국가에 대한 자긍심에 푹 빠짐’을 뜻하는 긍정적인 표현으로 쓰이고 있음."
코 세 글자,MZ세대가 코로나19를 일컫는 말. 트위터에서 ‘코로나’라는 단어를 사용하면 계정이 잠기는 일이 발생해 코로나를 대체하는 표현으로 사용되기 시작함.
밸붕,"밸런스 붕괴, 특정 아이템의 성능이 매우 출중하여 다른 아이템과 공정한 비교가 어려울 때 쓰는 말. 주로 게임 용어로 쓰였으나 요즘에는 다양한 분야에서 활용됨."
플리,‘플레이리스트’의 줄임말
쿠키,네이버 웹툰에서 유료 결제를 할 수 있는 화폐. ‘유료 결제 한다’라는 뜻으로 ‘쿠키 굽는다’라는 표현을 씀.
학예사,"박물관, 미술관 등에서 작품 등을 수집, 전시 기획 등을 하는 전문 직업."
온클,‘온라인 클래스’의 줄임말.
래플,당첨자에게 한정판 상품을 구매할 권리를 주는 판매 방식. 이 방식을 활용하는 브랜드로는 대표적으로 나이키가 있음.
반모방,"반말 모드 대화방의 줄임말. 말을 놓고 친해지는 채팅방으로, 주로 유튜브 댓글창에 열림."
트친소,‘트위터 친구를 소개 받습니다’의 줄임말. 트위터에서 공개적으로 친구를 모집하는 일을 뜻함.
맘찍,"마음(=하트 버튼)을 찍어둔다는 뜻. 트위터에서 남의 게시물에 공감을 표하거나, 그 게시물을 보관하고 싶을 때 사용하는 기능."
하이라이트,인스타 스토리를 프로필란에 고정할 수 있는 기능.
읽페,‘페이스북 스토리 읽으면 페메(페북 메신저) 보낸다’의 줄임말.
좋페,‘좋아요 누르면 페메(페북 메신저) 보낸다’의 줄임말.
대전,‘대신 전해드립니다’의 줄임말. 학교 등 한 집단의 소식을 제보 받아 대신 전하는 페이스북 페이지들을 뜻함.
움짤,움직이는 짤방의 준말. gif 파일로 제작된 이미지를 뜻함.
덕메,덕질 메이트의 줄임말. 덕질을 함께 하는 친구를 뜻함.
소취,소원 성취의 줄임말. ‘바라다’라는 뜻의 신조어.
디깅,"digging, 한글로 직역하면 ‘발굴’이라는 뜻. MZ세대 사이에선 흥미 있는 분야의 정보를 얻기 위해 이것저것 검색해보는 일을 의미함."
톤그로,색을 뜻하는 ‘Tone’과 분쟁를 뜻하는 ‘aggro’의 합성어. 본인의 피부 톤에 맞지 않는 색상으로 메이크업해서 어색하다는 뜻으로 쓰임.
가심비,가격 대비 심리적 만족을 추구하는 소비 트렌드↔가성비
인스타 돋보기,인스타그램 검색 탭을 일컫는 말. 인스타그램 알고리즘을 이용해 검색바 하단에 추천 콘텐츠를 보여줌. MZ세대가 시간 때울 때 주로 이용하는 기능.
망붕,‘망상 분자’를 ‘망상 붕자’로 발음을 뭉갠 것의 줄임말. 사실이 아니지만 믿고 싶어 하는 것을 의미함.
OTT,"‘Over The Top’의 줄임말로 넷플릭스, 티빙, 웨이브 등의 온라인 동영상 서비스를 일컬음."
짠메랑,‘부메랑(gif 형식으로 사진을 찍어주는 필터)’기능을 활용해 술자리에서 건배하는 모습을 촬영하는 것.
필환경,필(必)과 환경의 합성어로 환경을 필수로 생각해야 한다는 뜻.
공병템,공병이 될 때까지 싹싹 긁어 쓸 정도로 잘 맞는 아이템이라는 뜻. 뷰티 카테고리에서 주로 쓰이는 표현.
빛삭,‘빛의 속도로 삭제한다’의 줄임말로 인터넷상에 올린 게시물을 매우 빠르게 지운다는 의미.
그라폴리오,"네이버의 웹서비스 중 하나로 전 세계 크리에이터들의 작품을 발견, 공유하고 사고팔 수 있는 창작 콘텐츠 커뮤니티."
빌드업,‘쌓아 올린다’는 뜻의 건축 용어 ‘빌드업(Build-up)’에서 유래한 표현. SNS에서는 ‘말하고자 하는 내용=결론을 강조하기 위해 앞단에 설명을 쌓는 것’이라는 뜻으로 쓰인다.
마음함,"트위터에서 하트 버튼을 누르면 ‘마음에 들어요’ 카테고리에 보관되는데, 이를 뜻하는 트위터 용어."
알못,어떤 분야에 대해 잘 알지 못하는 사람을 부르는 말↔잘알
구독계,아무 말도 걸지 않고 그냥 상대방을 팔로해서 상대방이 쓰는 글을 보거나 리트윗만 하기 위해 이용하는 계정.
알계,"트위터 계정 최초 생성 시 기본 프로필 사진인 알 그림을 프로필 사진으로 하고 있는 계정. 주로 본계를 숨기고 새로 계정을 만들어, 익명 뒤에 숨고 싶은 사람들이 이용함."
초멘,안면이 없다는 뜻의 ‘초면’과 ‘멘션을 합친 트위터 용어.
긱잡,"Gig Job. 필요할 때마다 계약직, 임시직을 섭외해 일을 맡기는 고용 형태. 긱 이코노미(임시직 경제)가 만들어낸 일자리를 의미함."
차도남,차가운 도시 남자의 줄임말.
대란,큰 난리가 일어났다는 뜻. 어떤 물건이 너무 인기가 많아서 구하지 못해 난리인 현상에 주로 쓰임.
플로깅,줍다라는 뜻의 스웨덴어 ‘plocka upp’과  영단어 ‘jogging(조깅)’의 합성어. 조깅을 하면서 쓰레기를 줍는 운동을 뜻함. 최근 MZ세대 사이의 새로운 취미로 떠올랐음.
안 고독한 채팅방,"대화가 없는 고독한 채팅방과 달리, 대화도 하며 특정 연예인의 짤(이미지)도 공유하는 카카오톡 오픈 채팅방."
옾챗,오픈채팅방의 Z세대식 줄임말. Z세대는 오픈채팅방을 커뮤니티처럼 이용함.
팔이피플,"팔이+people의 합성어로, SNS나 쇼핑몰에서 물건을 판매하는 사람들을 지칭하는 말."
플미,‘프리미엄’의 줄임말. 주로 희소성있는 제품이 판매가보다 비싸게 거래될 때 ‘플미붙었다’고 표현함.
빠던,"배트 플립(bat flip)의 한국식 표기. 일명 ‘빠따 던지기’의 줄임말. 타자가 홈런이 짐작되는 타격을 한 뒤, 야구 방망이를 던지는 행위를 말함."
혼코노,‘혼자서 코인 노래방 가는 사람(or 행위)’의 줄임말.
메타버스,"가상 세계와 현실 세계의 경계가 허물어진 3차원 가상 세계를 뜻함. 이용자는 아바타를 이용하여 메타버스 세계관 아래서 사회, 경제, 문화 활동을 함.  이를 활용한 대표적인 콘텐츠로는 게임 ‘로블록스’, ‘마인크래프트’, 증강현실 아바타 서비스 ‘제페토’등이 있다."
공답,공개 답변의 줄임말. 제품의 정보를 묻고 답할 때 사용함.
온콘,온라인 콘서트의 줄임말.
불판,하나의 게시물 안에서 주제를 정해놓고 댓글로 의견을 주고받는 커뮤니티 문화.
퍼블리시티권,유명인이 자신의 성명이나 초상을 상품 등의 선전에 이용하는 것을 허락하는 권리.
키자니아,어린이들이 직업을 체험할 수 있는 테마파크. 특정 직업을 생생하게 표현하거나 보여주는 콘텐츠를 볼 때 ‘어른들의 키자니아’라는 댓글이 많이 달림.
팡인,‘광인’을 야민정음 방식으로 표기한 것. 특정 일에 미친듯이 몰두하는 사람을 지칭함.
리젠,"‘regeneration(부활)’의 줄임말로, 게임에서 몬스터가 죽고난 뒤 다시 나타나는 것을 뜻한다. 통상적으로는 ‘새로운 게시물이 업로드 되었다’라는 의미로 쓰임."
장비병,무언가를 시작할 때 필요한 장비부터 구입하는 장비 덕후를 뜻하는 말.
언팔,‘언팔로우(Unfollow)’의 줄임말. 팔로우를 취소하여 더이상 게시물을 받아보지 않는다는 뜻.
P2P,금융기관을 거치지 않고 개인과 개인이 온라인 플랫폼을 통해 자금을 빌려주고 이에 대한 이자를 받는 방식.
스꾸,스티커 꾸미기의 줄임말. 스티커로 무언가를 꾸미는 행위를 뜻함.
팔로인,"follow(따르다) + 人(사람)의 합성어로, 신뢰하는 사람을 통해 정보를 얻는 MZ세대를 가리키는 말."
생정,생활 정보의 줄임말.
가상 데스크톱 서비스,PC 환경을 온라인에 구축해 어디서든 접속할 수 있게 하는 서비스.
TMI,"너무 많은 정보, 굳이 알려주지 않아도 될 정보를 일컫는 말(Too Much Information)."
트시피,트위터+레시피를 합친 말. 트위터에서 유행하는 레시피를 뜻함.
유튜브 프리미엄,"유튜브 유료 요금제. 광고 제거, 동영상 다운로드 등의 서비스를 제공함."
어사,어색한 사이의 줄임말↔찐친
VSCO,사진 보정 앱. 포토샵처럼 세세한 조절도 가능하다. 이런 감성을 묶어 부르는 VSCO girl이란 말도 있음.
재질,"느낌, 톤, 성향을 이르는 MZ세대 유행어."
와드,관심 있는 정보의 업데이트 내용을 실시간으로 확인하기 위해서 댓글을 남겨두는 행위.
트수,"스트리밍 플랫폼 ‘트위치’와 ‘백수’가 결합된 단어. 트위치를 시청하는 데 많은 시간을 보낸다는 뜻으로, 트위치 애청자를 상징하는 말로 쓰임."
프롬,미국 고등학교에서 학년의 마지막에 열리는 공식적인 댄스 파티. 서양 하이틴이 유행하면서 <클루리스> 등 하이틴 영화에 나오는 ‘프롬파티’ 소재가 Z세대의 뜨거운 관심을 받았음.
갓성비,"대단한 존재를 ‘갓(god)+OO’이라고 부르는 MZ세대의 언어 습관에서 유래된 말로, 가성비를 뛰어넘는 혜택을 느낄 때 쓰는 말."
프사,‘프로필 사진’의 줄임말.
일코,‘일반인 코스프레’의 줄임말. 덕후라는 것을 타인에게 들키지 않도록 행동하는 것을 의미함.
언박싱,구매한 물건의 상자를 개봉하는 과정을 담은 유튜브 영상 포맷.
판 플레이,대학내일20대연구소가 정의한 2020 MZ세대 특징 중 하나. MZ세대가 스스로 참여할 수 있는 놀이 ‘판’을 만들어 즐기는 것을 의미함.
실감세대,"실감나는 경험을 선호하고 소비함으로써, 내가 지금 이곳에 존재하고 있음을 실감하는 세대."
게이미피케이션(Gamification),게임적 사고와 게임 기법을 활용해 사용자를 몰입시키는 기법.
존버,엄청나게 버티다라는 뜻.
인장,트위터에서 ‘프로필 사진’을 일컫는 말. 프로필 사진이 올라가는 템플릿이 도장처럼 동그란 데서 유래한 별칭.
드래곤볼,MZ세대는 무언가를 모을 때 ‘드래곤볼’이라고 표현함. 만화 <드래곤볼>의 내용이 구슬 일곱개를 모아야 한다는 점에서 유래됨.
끌올,이전에 있었던 일을 다시 끌어 올려 화제로 삼는 일을 부르는 말.
도믿맨,‘도를 아십니까’라는 말과 함께 전도하려는 사람들을 뜻하는 말.
신박한,‘새롭고 놀랍다’란 뜻으로 신기하면서도 참신한 경우에 사용되는 신조어.
직관,직접 현장에 찾아가 운동 경기 등을 관람하는 일 ↔집관(집에서 관람)
팅글,'기분 좋은 소름'을 뜻하는 ASMR 용어.
취뽀,‘취업 뽀개기’의 줄임말. 취업에 성공했을 때 ‘취뽀했다’라고 함.
캐릿 1020 해외 특파원,1020으로 구성된 캐릿의 해외 트렌드 자문 그룹. 해외 각국의 Z세대 트렌드를 발 빠르게 전하는 역할을 맡고 있음.
헤르미온느,<해리 포터> 시리즈에 나오는 해리의 친구이자 모범생 캐릭터. 시간을 돌릴 수 있는 시계를 이용해 많은 수업을 듣는다. 시간 관리를 잘 하거나 열심히 사는 사람을 일컬어 헤르미온느라고 부름.
순삭,"‘순식간에 삭제되다’의 줄임말. ‘너무 재밌어서 시간 가는 줄 몰랐다’, ‘너무 맛있어서 순식간에 다 먹어 버렸다.’ 등의 맥락에서 사용됨."
TMT,"Too Much Talker의 줄임말로, 말이 많은 사람이라는 뜻."
현질,유료 게임 아이템을 사는 행위를 뜻함.
레딧,미국에서 만들어진 커뮤니티 사이트로 해외 MZ세대가 즐겨찾음. 주제별 게시판인 ‘서브레딧’이 따로 있는 것이 특징.
덕력,"덕후+力(힘)의 합성어로, 팬심이 깊은 사람에게 덕력이 높다는 표현을 씀."
즈즈즈,"아이돌 그룹 ‘더보이즈’, ‘스트레이키즈’, ‘에이티즈’를 합쳐 부르는 말."
세포마켓,1인 미디어 시대에서 SNS를 통해 이뤄지는 1인 마켓. 기업 단위가 아닌 1인 사업자가 주를 이뤄 세포가 분열하는 것처럼 개인 단위로 발전하는 현상을 뜻함.
마크정식,"아이돌 그룹 갓세븐의 팬이 멤버인 ‘마크’를 대중들에게 알리기 위해 직접 편의점 레시피를 개발하고, 해당 레시피에 ‘마크’라는 이름을 붙여 유행시킨 것."
교복템,마치 교복처럼 자주 입는(쓰는) 물건이라는 뜻.
갓생,"god(신)과 인생이 합쳐진 단어로, 부지런하고 알찬 삶을 사는 것을 일컫는 말."
펀슈머,"‘Fun(재미)’과 ‘Consumer(소비자)’의 합성어로, 소비 과정에서 재미를 추구하는 소비자를 일컫는 말."
스킨스병,영국 드라마 <스킨스>의 퇴폐적인 주인공을 따라하는 사람들을 일컫는 말. 2010년대에 창궐하다 사라졌음.
앱테크,앱+재테크의 합성어. 앱 안에서 특정 활동을 해 포인트를 쌓는 것
고독한 채팅방,대화 없이 특정 연예인의 짤(이미지)만 공유하는 카카오톡 오픈 채팅방
트롤,온라인에서 사람들의 관심을 끌기 위해 일부러 진행에 방해되는 행동을 하는 것. 또는 그런 사람을 뜻함.
홈마,"홈페이지 마스터의 줄임말. 아이돌 팬 페이지를 운영하며, 고화질 카메라로 아이돌 스케줄 사진과 동영상을 찍는 팬을 의미함."
라라라러브송,일본인 가수 ‘쿠보타 토시노부’의 ‘La La La Love Song’. 시티팝 특유의 감성이 그대로 녹아 있는 유명곡 중 하나로 국내에서 많은 아티스트가 커버함
스트리머,"유튜브, 트위치, 아프리카 같은 플랫폼에서 실시간 인터넷 방송을 하는 사람."
맛잘알,"'잘 안다', '잘 아는 사람'이라는 뜻의 신조어인 '잘알' 앞에 '맛'이 붙은 형태. 즉, 맛을 잘 아는 사람이라는 뜻"
밀프렙,식사(meal)와 준비(preparation)의 합성어. 최대 일주일치 식사를 미리 준비해뒀다가 식사 때마다 먹는 방법.
인스타그래머,인스타그램을 하는 사람을 일컫는 말. 주로 인스타그램에 트렌디한 게시물을 자주 올리는 사람이라는 의미로 쓰임.
총공,'총 공격'의 줄임말. 팬들의 단체 행동.
망상,좋아하는 연예인을 가지고 특정 상황을 설정해 상상하며 노는 것.
연반인,연예인과 일반인을 합친 신조어. 연예인은 아니지만 연예인 만큼의 화제성을 가진 인물을 뜻함. 대표적인 인물로는 SBS 소속 PD 재재가 있음.
국룰,국민 룰의 줄임말. 보편적으로 통용되는 규칙 혹은 유행이라는 뜻.
바이브 코딩,자연어(일상적으로 쓰는 문장)만으로 프로그래밍이 가능한 기술
2048,"같은 숫자 타일을 합쳐 더 큰 숫자를 만드는 퍼즐 게임. 숫자 2048을 만드는 것이 최종 목표로, 비슷한 형식의 다양한 퍼즐 게임으로 변주·패러디되기도 함."
적시감각,"시간적, 순간적 희소성을 중요하게 생각하는 감각. ‘지금’이 아니면 안 되는 것을 가장 가치 있게 느끼는 태도. (출처 대학내일ES 트렌드 컨퍼런스 2026)"
니치,"아주 좁고 구체적인 취향, 또는 특정 소수를 겨냥한 틈새 시장을 가리키는 말."
아네모니아,한 번도 경험해본 적 없는 시대를 그리워하며 향수를 느끼는 감정을 뜻하는 용어.
아트맥싱,"예술적인 감각을 극대화시킨다는 의미로, 일상 전반에서 미적 감각을 키우려는 태도를 말함."
엉뚱한 복수(Whimsical anger),"스트레스나 분노를 직접적인 분출 대신, 엉뚱하고 무해한 행동으로 풀어내는 태도. 주로 스트레스의 ‘대상’을 향해 귀엽고 소소한 방식으로 되갚으며, 웃음으로 감정을 해소하는 것이 특징."
무드 컨슈머,"제품의 기능, 가격보다 제품이 주는 분위기나 감성을 구매하는 소비자를 일컫는 말. 자신의 감정 상태, 라이프스타일을 만족시킬 수 있는 구매 경험 자체를 중요하게 생각함."
샌드박스 게임,"사용자가 미리 정해진 목표나 규칙 없이 자유롭게 게임할 수 있는 게임 장르. 마인크래프트, 로블록스 등이 대표적임."
중티다스,청나라 시대 의복을 모티브로 삼은 아디다스 인기 자켓을 부르는 말. ‘중국 티’와 ‘아디다스’를 줄여 말함.
모리걸,"직역하면 ‘숲속에 사는 소녀’라는 뜻으로, 일본 특유의 빈티지 스타일을 일컫는 말"
프랙셔널 인재,기업이 필요한 수준과 기간만큼 파트타임으로 활용하는 모델. 주로‘실행’ 업무를 맡는 일반적인 프리랜서와는 달리 프로젝트 실행 권한을 가지고 조직의 의사결정에 참여할 수 있음.
잡 살몬,"한 번 퇴사했던 회사로 다시 돌아가 재입사하는 직장인을 뜻하는 신조어. 연어처럼 회귀한다는 뜻으로, ‘연어족’이라고도 불림."
AI 리터러시,"AI 기술을 단순히 이해하는 것을 넘어, AI에 대한 비판적인 사고를 할 줄 알고, 윤리적으로 활용하여 문제를 해결할 수 있는 능력을 말함."
리커버리노믹스,"캐릿이 만든 신조어로, ‘Recovery(회복)’와 ‘Economics(경제학)’의 합성어. 수면·사우나·각종 테라피 등 ‘회복’과 관련된 소비 트렌드를 뜻함."
새깅,바지를 허리선보다 아래로 내려 속옷이 살짝 보이도록 연출하는 스타일
양모펠트,"양모(실)를 뭉친 뒤 전용 바늘로 반복해 찔러 양모 섬유를 서로 엉키고 압축시켜, 원하는 형태로 고정하는 공예 기법."
캥거루족,학교를 졸업해 자립할 나이가 되었는데도 부모에게 경제적으로 기대어 사는 젊은이들을 일컫는 용어.
립스틱 효과,경제적 불황기에 소비자 만족도가 높으면서도 가격이 저렴한 사치품의 판매량이 증가하는 현상
컨페티,축제나 콘서트 등에서 무대나 공연 분위기를 연출하기 위해 뿌리는 작은 종이 조각
필 오프 이벤트,"벽면에 붙은 브랜드 제품, 샘플, 굿즈 등을 소비자가 뜯어가는 형식의 이벤트"
캐릿 해외 트렌드  디깅 크루,"10대, 20대로 구성된 캐릿의 해외 트렌드 자문 그룹. 해외 각국의 Z세대 트렌드를 발 빠르게 전하는 역할을 맡고 있음."
계란 구름 라면,"아이돌 그룹 엔하이픈의 ‘희승’이 유튜브 웹예능에 출연해 소개한 ‘계란 구름 라면’ 끓이는 법이 화제를 모았음. 면이 흐물흐물해지기 시작하면 한쪽으로 걷어내고, 미리 풀어 놓은 계란을 부어 구름처럼 떠오를 때까지 끓이는 게 레시피의 포인트."
C뷰티,‘중국 뷰티(Chinese beauty)’ 전반을 뜻하는 용어
반갈샷,반으로 가른 빵의 단면을 찍은 인증샷
F1,포뮬러 원. 오픈 휠(타이어가 외부로 노출된 방식) 레이싱 카가 경쟁하는 세계 최고 권위의 모터스포츠 대회.
이머시브 공연,"관객 참여형 공연 또는 관객 몰입형 공연. 관람객이 수동적으로 관람하는 기존 공연과 달리, 관객이 작품 속 역할을 맡거나 공간을 이동하며 직접 참여하는 형태의 공연을 뜻함."
제3의 장소,집이나 일터 외에 사람들이 자연스럽게 만나 교류할 수 있는 장소를 부르는 말.
샤오홍슈,"중국판 인스타그램이라고 불리는 소셜 미디어 플랫폼. 정식 외래어 표기법에 따르면 ‘샤오훙수’라고 표기해야 하지만, ‘샤오홍슈’라는 표기로 널리 쓰이고 있음."
헤이세이 레트로,"일본 헤이세이 시대(1989-2019년)에 유행하던 복고풍 트렌드. 산리오, 디지털 카메라, 갸루 패션 등이 대표적인 헤이세이 레트로에 속함."
위챗,"중국, 홍콩, 대만 등 중화권 지역에서 주로 쓰이는 모바일 메신저. 카카오톡의 카카오페이처럼 간편 결제 서비스가 내장되어 있음."
이머시브 체험,"관객들이 단순히 작품을 수동적으로 바라보는 것이 아니라, 직접 상호작용하며 경험하는 형식의 체험을 뜻함."
캐릿 트렌드 디깅 크루,"10대, 20대 300여 명으로 구성된 캐릿의 트렌드 자문 그룹. Z세대만 아는 문화, 유행을 발 빠르게 전하는 역할을 맡고 있음."
코롯토,"아크릴 스탠드 굿즈. 애니메이션 캐릭터, 좋아하는 연예인 사진 등이 아크릴에 프린팅되어 있으며 세울 수 있는 것이 즉징."
네이버 예상 월 검색량,"한 달간의 검색량을 토대로 예상한 당월 네이버 통합 검색량

✓ 네이버 월간 검색량 수치 기준
- 5,000회 이상: 커뮤니티 혹은 SNS에서 주목받은 소재의 키워드
- 10,000회 이상: 마이크로 트렌드로 떠오른 소재의 키워드
- 100,000 이상: 대중적인 관심을 받는 소재의 키워드"
네이버 월간 검색량,"조회 시점을 기준으로 한 달간 네이버 통합 검색에서 키워드가 검색된 횟수

✓ 네이버 월간 검색량 수치 기준
- 5,000회 이상: 커뮤니티 혹은 SNS에서 주목받은 소재의 키워드
- 10,000회 이상: 마이크로 트렌드로 떠오른 소재의 키워드
- 100,000 이상: 대중적인 관심을 받는 소재의 키워드"
재게시,"다른 계정의 게시물을 자신의 계정에 공유하는 기능

✓ 재게시 수치 기준
- 1,000~3,000 재게시: 엑스 내 특정 집단에서 주목받은 수준의 게시물
- 5,000 이상 재게시: 엑스 내에서 화제가 된 수준의 게시물
- 10,000 이상  재게시: 타 커뮤니티, 언론사까지 바이럴될 수 있는 수준의 게시물"
USP,Unique Selling Proposition의 줄임말. 브랜드만의 전략을 담은 핵심 메시지.
CRM,"Customer Relationship Management의 줄임말. 고객 데이터를 기반으로 맞춤형 경험을 제공하는 마케팅 전략. ex) 생일 쿠폰 발송, 리마인드 메시지 전송"
스케치 코미디,일상에서 흔히 겪는 일을 각색해 공감대를 형성하거나 웃음을 유발하는 10분 내외의 짧은 영상.
NFC,스마트폰에 접촉해 무선으로 데이터를 주고받을 수 있는 기술을 의미함.
저속노화 식단,"노년내과 전문의인 ‘정희원’ 교수가 소개한 개념. 노화를 느리게 만들 수 있는 식단에 붙은 별명으로, 가공식품과 당이 높은 식품을 최대한 피하는 것이 특징."
캐릭터 챗,"유저가 원하는 형태로 외모, 톤앤매너, 말투 등을 설정한 캐릭터 봇과 대화하는 AI 서비스."
NSFW,‘Not safe for work’의 약자이자 영어권의 인터넷 신조어. 우리나라 식으로 표현하면 ‘후방주의’라는 의미.
